<?xml version="1.0" encoding="UTF-8"?>
<?xml-model href="http://www.tei-c.org/release/xml/tei/custom/schema/relaxng/tei_all.rng" type="application/xml" schematypens="http://relaxng.org/ns/structure/1.0"?><?xml-model href="http://www.tei-c.org/release/xml/tei/custom/schema/relaxng/tei_all.rng" type="application/xml"
	schematypens="http://purl.oclc.org/dsdl/schematron"?>
<TEI xmlns="http://www.tei-c.org/ns/1.0">
    <teiHeader>
        <fileDesc>
            <titleStmt>
                <title>Letter #8a from Robert Graves to William Graves <date when="1958-11-10">Nov 10th 1958</date>
                </title>
            </titleStmt>
            <publicationStmt>
                <publisher>Digital Humanities at Oxford Summer School</publisher>
                <pubPlace>Oxford</pubPlace>
                <date when="2015-07">July 2015</date>
                <availability>
                    <licence xmlns="http://www.w3.org/2001/XInclude" xmlns="http://www.tei-c.org/ns/1.0" target="http://creativecommons.org/licenses/by-nc-sa/4.0/" notBefore="2015-07-11">
                        <p>The original copyrighted material belongs to The Robert Graves Copyright
            Trust and is reproduced here with permission.</p>
                        <p>This work is licensed under a Creative Commons
            Attribution-NonCommercial-ShareAlike 4.0 International License.</p>
                        <p> You are free to: <list>
                                <item> Share — copy and redistribute the material in any medium or
                format</item>
                                <item> Adapt — remix, transform, and build upon the material</item>
                            </list>
                        </p>
                        <p> Under the following terms: <list>
                                <item> Attribution — You must give appropriate credit, provide a
                link to the license, and indicate if changes were made. You may
                do so in any reasonable manner, but not in any way that suggests
                the licensor endorses you or your use.</item>
                                <item> NonCommercial — You may not use the material for commercial
                purposes.</item>
                                <item> ShareAlike — If you remix, transform, or build upon the
                material, you must distribute your contributions under the same
                license as the original.</item>
                                <item> No additional restrictions — You may not apply legal terms or
                technological measures that legally restrict others from doing
                anything the license permits.</item>
                            </list>
                        </p>
                        <p>The licence was added on July 11, 2015.</p>
                    </licence>
                </availability>
            </publicationStmt>
            <sourceDesc>
                <p>Letters from Robert and Beryl Graves to William Graves 1957-1967. 41 ALS and TLS,
                    56pp. , St John’s College (Oxford) Library, Special Collections (Holmes 4) , Box
                    4 Gp17 </p>
                <p>ST JOHN'S COLLEGE LIBRARY COLLECTION OWNED LETTERS FROM ROBERT (1895-1985) &amp;
                    BERYL (1915-2003) GRAVES TO WILLIAM GRAVES (1940- ) </p>
            </sourceDesc>
        </fileDesc>
        <profileDesc>
            <particDesc>
                <listPerson xmlns="http://www.w3.org/2001/XInclude" xmlns="http://www.tei-c.org/ns/1.0">
                    <person xml:id="GravesWilliam">
                        <persName>
                            <forename>William</forename>
                            <surname>Graves</surname>
                        </persName>
                        <birth when="1940">1940</birth>
                        <sex value="M">male</sex>
                        <note>Robert Graves' eldest son by Beryl</note>
                    </person>
                    <person xml:id="GravesRobert">
                        <persName>Robert Graves</persName><!-- to be completed by the students -->
                        <note>Robert Graves (1895-1985) was a poet, novelist, mythographer, critic and historian.
            Probably best known as the author of <title>I,Claudius</title>, and <title>Claudius the God</title> and as a survivor and
            poet of the Great War, he is one of the great figures of 20th Century English Poetry and
            Literature.</note>
                    </person>
                    <person xml:id="GravesBeryl">
                        <persName>
                            <forename>Beryl</forename>
                            <surname>Pritchard</surname>
                            <surname type="married">Hodge</surname>
                            <surname type="married">Graves</surname>
                        </persName>
                        <idno type="VIAF">22304002</idno>
                        <idno type="LC-Name-Authority-File">nr96004407</idno>
                        <birth when="1915-02-22">
                            <placeName ref="#London">London</placeName>, 22 February
            1915</birth>
                        <death when="2003-10-27">
                            <placeName ref="#Palma">Palma</placeName>, 27 October
            2003</death>
                        <sex value="F">female</sex>
                        <note>Robert Graves's second wife. PPE at St Anne's College, Oxford. Married Alan Hodge 1938.
            Changed her name by deed poll from Hodge to Graves in June 1943. Married Robert Graves in
            May 1950 after his divorce from Nancy Nicholson earlier that year.</note>
                    </person>
                    <person xml:id="GoldschmidtKarl">
                        <persName>
                            <forename>Karl</forename>
                            <surname>Goldschmidt</surname>
                            <addName>
                                <forename type="first">Kenneth</forename>
                                <forename type="middle">Charles</forename>
                                <surname>Gay</surname>
                            </addName>
                        </persName>
                        <birth when="1912-02-12">
                            <placeName>Elbefeld</placeName>12 February 1912</birth>
                        <death when="1995-03-26">
                            <placeName ref="#Palma">Palma</placeName>26 March
            1995</death>
                        <sex value="M">male</sex>
                        <occupation>Secretary, friend and collaborator of <persName ref="#GravesRobert">Robert Graves</persName>
                        </occupation>
                        <occupation from="1965" to="1978">Librarian at University Libraries of the State
            University of New York at Buffalo</occupation>
                        <occupation from="1968" to="1978">Curator of the Poetry Collection at University
            Libraries of the State University of New York at Buffalo</occupation>
                        <note>He was born Karl Goldschmidt in Germany, in 1912. He trained as a graphic artist
            but left his native country in 1933 on Hitler's rise to power. 
            1934 found him in Dey, Majorca, where the poets Robert Graves and Laura Riding
            befriended the intelligent young man. He learnt English (reading Defoe) and was
            soon helping with their Seizin Press and their typing, and wrote amusingly in Focus, their magazine.
            At the outbreak of the Spanish Civil War in 1936, all three left Majorca on a Royal Navy destroyer.
            Graves persuaded the ship's captain not to transfer Goldschmidt to a German ship, and back to Germany,
            conscious of the fate that would, as a Jew, await him.
            In England Goldschmidt obtained leave to stay and work and, when the Second World War broke out,
            he gallantly served first in the Pioneer Corps, and later in the Royal Navy.
            In the Pioneers - as a protection in case of capture - he had been made to change his name.
            He became known (though he was always called Karl by his friends) as Kenneth Gay.
            When the war was over, he was granted full British citizenship.</note>
                    </person>
                    <person xml:id="ReidAlastair">
                        <persName>
                            <forename>Alastair</forename>
                            <surname>Reid</surname>
                        </persName>
                        <idno type="VIAF">15102127</idno>
                        <idno type="LC-Name-Authority-File">n79085083</idno>
                        <birth when="1926-03-22">
                            <placeName>Whithorn</placeName>, 22 march 1926</birth>
                        <death when="2014-09-21">
                            <placeName>Manhattan</placeName>, 21 September
            2014</death>
                        <sex value="M">male</sex>
                        <occupation>Writer</occupation>
                        <note>Scottish poet, writer, translator. On staff of "The New Yorker". Graves's friend and
            confidant. Quarelled in 1961.</note>
                    </person>
                    <person xml:id="JepsonSelwin">
                        <persName>
                            <forename>Selwyn</forename>
                            <surname>Jepson</surname>
                        </persName>
                        <idno type="VIAF">118242376</idno>
                        <idno type="LC-Name-Authority-File">n89633547</idno>
                        <birth when="1899">1899</birth>
                        <death when="1989">1989</death>
                        <sex value="M">male</sex>
                        <occupation>Writer</occupation>
                    </person>
                    <person xml:id="GravesTomas">
                        <persName>
                            <forename>Tomás</forename>
                            <surname>Graves</surname>
                        </persName>
                        <idno type="VIAF">60874780</idno>
                        <idno type="LC-Name-Authority-File">n99034882</idno>
                        <birth when="1953-01-27">
                            <placeName>Palma</placeName>, 27 January 1953</birth>
                        <sex value="M">male</sex>
                        <occupation>Writer and musician</occupation>
                        <note>Robert Graves' third son by Beryl</note>
                    </person>
                    <person xml:id="NicholsonNancy">
                        <persName>Nancy Nicholson</persName>
                        <note>Robert Graves' first wife</note>
                    </person>
                    <person xml:id="NicholsonJenny">
                        <persName>Jenny Nicholson</persName>
                        <note>Robert Graves' eldest daughter by Nancy</note>
                    </person>
                    <person xml:id="NicholsonCatherine">
                        <persName>Catherine Nicholson</persName>
                        <note>Robert Graves' second daughter by Nancy</note>
                    </person>
                    <person xml:id="GravesLucia">
                        <persName>Lucia Graves</persName>
                        <note>Robert Graves' first daughter by Beryl</note>
                    </person>
                    <person xml:id="GravesJuan">
                        <persName>Juan Graves</persName>
                        <note>Robert Graves' second son by Beryl</note>
                    </person>
                    <person xml:id="BevanAneurin">
                        <persName>Aneurin Bevan</persName>
                        <note>Labour politician</note>
                    </person>
                    <person xml:id="Castor">
                        <persName>Castor</persName>
                    </person>
                    <person xml:id="Ann">
                        <persName>Ann</persName>
                    </person>
                    <person xml:id="Emilia">
                        <persName>Emilia</persName>
                    </person>
                    <person xml:id="Jaime">
                        <persName>Jaime</persName>
                    </person>
                    <person xml:id="PomeroyMarnie">
                        <persName>Marnie Pomeroy</persName>
                        <note>Canadian author, poet, publisher and teacher. Among other books, she is the author of
            <title>Emily Dickinson</title> in the Greenwich Exchange Student Guide Literary Series. She was in
            Mallorca in 1956 -1958 and a close friend of the Graves's.</note>
                    </person>
                    <person xml:id="PritchardEnid">
                        <persName>Enid Pritchard</persName>
                        <note>English solicitor, who helped draw up Robert Graves's Will. Beryl Graves's sister.</note>
                    </person>
                    <person xml:id="Claudius">
                        <persName>
                            <forename>Tiberius</forename>
                            <surname>Claudius</surname>
                            <addName>Caesar Augustus Germanicus</addName>
                        </persName>
                        <birth when="-0010-08-01">
                            <placeName ref="#Lyon">Lugdunum</placeName>
            1 August 10 BC</birth>
                        <death when="0054-10-13">
                            <placeName ref="#Rome">Rome</placeName>13 October AD 54</death>
                        <sex value="M">male</sex>
                        <note> Claudius was emperor of Rome from AD 41-54. He married four times, and was succeeded by the emperor Nero. </note>
                    </person>
                    <person xml:id="CallasMargot">
                        <persName>
                            <forename>Margot</forename>
                            <surname>Callas</surname>
                        </persName>
                        <sex value="F">female</sex>
                    </person>
                    <person xml:id="WattWilliam">
                        <persName>
                            <forename>William</forename>
                            <surname>Watt</surname>
                        </persName>
                        <note>Son and partner of A.S.Watt, Director of A.P.Watt &amp; Son, in 1940s
            (British Literary agency that represented Robert Graves as from the late
            1930's).</note>
                    </person>
                    <person xml:id="CrotonAntonia">
                        <persName>
                            <forename>Antonia</forename>
                            <surname type="birth">Dalton</surname>
                            <surname type="married">Croton</surname>
                        </persName>
                        <birth when="1945">
            1945
        </birth>
                        <sex value="F">Female</sex>
                        <note>Graves's granddaughter (Catherine Nicholson's daughter)</note>
                    </person>
                    <person xml:id="CameronIsla">
                        <persName>
                            <forename>Isla</forename>
                            <surname>Cameron</surname>
                        </persName>
                        <birth when="1930-03-05">
                            <placeName>Scotland</placeName>March 5 1930</birth>
                        <death when="1980-05">May 1980</death>
                        <sex value="F">female</sex>
                        <occupation>Actress and Folk Singer</occupation>
                        <note>Scottish actress and folk singer. Came to Deya in the early 1960s with Maggie Smith.</note>
                    </person>
                    <person xml:id="PortagaEleni">
                        <persName>
                            <forename>Eleni</forename>
                            <surname>Portaga Stratu</surname>
                        </persName>
                        <sex value="F">female</sex>
                        <occupation>Greek Sculpturess</occupation>
                    </person>
                    <person xml:id="ScottRonnie">
                        <persName>
                            <forename>Ronnie</forename>
                            <surname>Scott</surname>
                        </persName>
                        <birth when="1927-01-28">28th January 1927</birth>
                        <death when="1966-12-23">23rd December 1966</death>
                        <sex value="M">male</sex>
                        <occupation>Jazz saxophonist</occupation>
                    </person>
                </listPerson>
            </particDesc>
            <settingDesc>
                <listPlace xmlns="http://www.w3.org/2001/XInclude" xmlns="http://www.tei-c.org/ns/1.0">
                    <place xml:id="Deia">
                        <placeName>Deya</placeName>
                        <placeName>Deià</placeName>
                        <location>
                            <geo>39.7484 2.64918</geo>
                        </location>
                        <location type="geopolitical">
                            <settlement>Deya</settlement>
                            <region>Majorca</region>
                            <region>Balearic Islands</region>
                            <country>Spain</country>
                        </location>
                        <note>Deià is a small coastal village in the Serra de Tramuntana, which forms the northern
      ridge of the Spanish island of Mallorca. It is located about ten miles north of
      Valldemossa, and it is known for its literary and musical residents. Its idyllic landscape,
      orange and olive groves on steep cliffs overlooking the Mediterranean, served as a draw for
      German, English, and American expatriates after the First World War.</note>
                    </place>
                    <place xml:id="Canellun">
                        <placeName>Canellun</placeName>
                        <location>
                            <geo>39.7484 2.64918</geo>
                        </location>
                        <location type="geopolitical">
                            <settlement>Deya</settlement>
                            <region>Majorca</region>
                            <region>Balearic Islands</region>
                            <country>Spain</country>
                        </location>
                        <note>Graves' house in Deia</note>
                    </place>
                    <place xml:id="CanFloque">
                        <placeName>Can Floque</placeName>
                        <location>
                            <geo>39.7484 2.64918</geo>
                        </location>
                        <location type="geopolitical">
                            <settlement>Deya</settlement>
                            <region>Majorca</region>
                            <region>Balearic Islands</region>
                            <country>Spain</country>
                        </location>
                        <note>Graves' boat house in Deia</note>
                    </place>
                    <place xml:id="Austria">
                        <placeName>Austria</placeName>
                        <location>
                            <geo>47.516231 14.550072</geo>
                        </location>
                        <location type="geopolitical">
                            <country>Austria</country>
                        </location>
                    </place>
                    <place xml:id="Yugoslavia">
                        <placeName>Yugoslavia</placeName>
                        <location type="geopolitical">
                            <country notAfter="1991">Yugoslavia</country>
                        </location>
                    </place>
                    <place xml:id="Baleares">
                        <placeName>Balearic Islands</placeName>
                        <location>
                            <geo>39.534179 2.85771</geo>
                        </location>
                        <location>
                            <region>Balearic Islands</region>
                            <country>Spain</country>
                        </location>
                    </place>
                    <place xml:id="Barcelona">
                        <placeName>Barcelona</placeName>
                        <location>
                            <geo>41.385064 2.173403</geo>
                        </location>
                        <location type="geopolitica">
                            <settlement>Barcelona</settlement>
                            <region>Catalonia</region>
                            <country>Spain</country>
                        </location>
                    </place>
                    <place xml:id="Palma">
                        <placeName>Palma</placeName>
                        <placeName xml:lang="en">Palma, Majorca</placeName>
                        <placeName xml:lang="sp">Palma de Mallorca</placeName>
                        <location>
                            <geo>39.569600 2.650160</geo>
                        </location>
                        <location type="geopolitic">
                            <settlement>Palma</settlement>
                            <region>Majorca</region>
                            <region>Balearic Islands</region>
                            <country>Spain</country>
                        </location>
                    </place>
                    <place xml:id="Rome">
                        <placeName>Rome</placeName>
                        <location>
                            <geo>41.902783 12.496366</geo>
                        </location>
                        <location type="geopolitical">
                            <settlement>Rome</settlement>
                            <country>Italy</country>
                        </location>
                    </place>
                    <place xml:id="France">
                        <placeName>France</placeName>
                        <location>
                            <geo>46.227638 2.213749</geo>
                        </location>
                        <location type="geopolitical">
                            <country>France</country>
                        </location>
                    </place>
                    <place xml:id="London">
                        <placeName>London</placeName>
                        <location>
                            <geo>51.507351 -0.127758</geo>
                        </location>
                        <location type="geopolitica">
                            <settlement>London</settlement>
                            <region>London</region>
                            <country>England</country>
                            <country>United Kingdom</country>
                        </location>
                    </place>
                    <place xml:id="Puigpunent">
                        <placeName>Puigpunent</placeName>
                        <location>
                            <geo>39.627202 2.528332</geo>
                        </location>
                        <location type="geopolitical">
                            <settlement>Puigpunent</settlement>
                            <region>Mallorca</region>
                            <region>Balearic Islands</region>
                            <country>Spain</country>
                        </location>
                    </place>
                    <place xml:id="BellRockHouse">
                        <placeName>Bell Rock House</placeName>
                        <location>
                            <geo>56.450487 -2.881644</geo>
                        </location>
                        <location type="geopolitical">
                            <region>Angus</region>
                            <country>Scotland</country>
                            <country>United Kingdom</country>
                        </location>
                        <settlement>St Andrews</settlement>
                        <settlement ref="#Fife">Fife</settlement>
                    </place>
                    <place xml:id="Fife">
                        <placeName>Fife</placeName>
                        <location>
                            <geo>56.208208 -3.149518</geo>
                        </location>
                        <location type="geopolitical">
                            <region>Fife</region>
                            <country>Scotland</country>
                            <country>United Kingdom</country>
                        </location>
                    </place>
                    <place xml:id="Soller">
                        <placeName>Soller</placeName>
                        <location>
                            <geo>39.767069 2.715787</geo>
                        </location>
                        <location type="geopolitica">
                            <settlement>Soller</settlement>
                            <region>Majorca</region>
                            <region>Balearic Islands</region>
                            <country>Spain</country>
                        </location>
                    </place>
                    <place xml:id="Switzerlands">
                        <placeName>Switzerland</placeName>
                        <location>
                            <geo>46.818188 8.227512</geo>
                        </location>
                        <location type="geopolitica">
                            <country>Switzerland</country>
                        </location>
                    </place>
                    <place xml:id="England">
                        <placeName>England</placeName>
                        <location>
                            <geo>52.355518 -1.174320</geo>
                        </location>
                        <location type="geopolitica">
                            <country>England</country>
                        </location>
                    </place>
                    <place xml:id="USA">
                        <placeName>United States of America</placeName>
                        <placeName full="abb">USA</placeName>
                        <location>
                            <geo>37.090240 -95.712891</geo>
                        </location>
                        <location>
                            <country>United States of America</country>
                        </location>
                    </place>
                    <place xml:id="Vercors">
                        <placeName>
                            <geogName>Vercors</geogName>
                            <geogFeat>Massif</geogFeat>
                        </placeName>
                        <location>
                            <geo>44.969985 5.419979</geo>
                        </location>
                        <location type="geopolitical">
                            <country>France</country>
                        </location>
                    </place>
                    <place xml:id="NarbonneRoad">
                        <placeName>Narbonne Road</placeName>
                        <placeName>Via Domitia</placeName>
                        <location>
                            <country>France</country>
                        </location>
                    </place>
                    <place xml:id="Montelimar">
                        <placeName>Montelimar</placeName>
                        <location>
                            <geo>44.556944 4.749496</geo>
                        </location>
                        <location>
                            <settlement>Montelimar</settlement>
                            <region>Rhône-Alpes</region>
                            <country>France</country>
                        </location>
                    </place>
                    <place xml:id="BrooklynBridge">
                        <placeName>Brooklyn Bridge</placeName>
                        <location>
                            <geo>40.7057 73.9964</geo>
                        </location>
                        <location>
                            <settlement type="city">New York</settlement>
                            <country>United States of America</country>
                        </location>
                    </place>
                    <place xml:id="Abilene">
                        <placeName>Abilene</placeName>
                        <country>Syria</country>
                        <note>An ancient city.</note>
                    </place>
                    <place xml:id="Abiline">
                        <placeName>Abiline</placeName>
                        <country>U.S.A.</country>
                        <location>
                            <geo>51.5033640 -0.1276250</geo>
                        </location>
                        <note>Abiline is a city in Texas.</note>
                    </place>
                    <place xml:id="Epidaurus">
                        <placeName>Epidaurus</placeName>
                        <location>
                            <geo>37.626573 23.132244</geo>
                        </location>
                    </place>
                    <place xml:id="Oxford">
                        <placeName>Oxford</placeName>
                        <location>
                            <geo>51.751944 -1.257778</geo>
                            <settlement>Oxford</settlement>
                            <region>Oxfordshire</region>
                            <country>United Kingdom</country>
                        </location>
                        <location type="geopolitical">
                            <settlement>Oxford</settlement>
                            <region>Oxfordshire</region>
                            <country>United Kingdom</country>
                        </location>
                    </place>
                    <place xml:id="Geneva">
                        <placeName>Geneva</placeName>
                        <country>Switzerland</country>
                        <location>
                            <geo>46.198392 6.142296</geo>
                        </location>
                    </place>
                    <place xml:id="BakerStreet">
                        <placeName>Baker Street</placeName>
                        <location>
                            <geo>51.520602 -0.156827</geo>
                        </location>
                        <location type="geopolitical">
                            <settlement>London</settlement>
                            <region>London</region>
                            <country>England</country>
                        </location>
                    </place>
                </listPlace>
            </settingDesc>
            <correspDesc>
                <correspAction type="sending">
                    <persName ref="#GravesRobert">Robert Graves</persName>
                    <settlement ref="#Deia">Deya</settlement>
                    <date when="1958-11-10">Nov 10th 1958</date>
                </correspAction>
                <correspAction type="receiving">
                    <persName ref="#GravesWilliam">William Graves</persName>
                </correspAction>
            </correspDesc>
        </profileDesc>
    </teiHeader>
    <text>
        <body>
            <p>-<placeName ref="#Deia">Deya</placeName>, <date>Nov 10th 1958</date>-
            <lb/>Dear <persName ref="#GravesWilliam">William</persName>, <persName ref="#ReidAlastair">Alastair</persName>'s address at his next port of call is: Don
            <lb/>Quixote del Mar, C/O Commander Nicholson, English Harbour, Antigua, British 
            <lb/>West Indies [*]. I don't know how long it will take him to get to New York 
            <lb/>but you can get him in New York   C/O Jess McNab, 86 Horatio Street, N.Y.C.14</p>
            <p>With any luck you should get your sobrasada soon as the Pickstones 
            <lb/>know someone who is driving back to <placeName ref="#England">England</placeName> this week and I have given them 
            <lb/>one to give him. If he takes it he will leave it with the Bevans's - people 
            <lb/>we used to know in <placeName ref="#Barcelona">Barcelona</placeName> and met again soon after you left for <placeName ref="#London">London</placeName>. 
            <lb/>He, Bernard Bevan is mentioned in the great mushroom book, and in 
            <lb/>fact he was one of the first people to go to the Mexican tribe which 
            <lb/>Wasson later wrote about. The joke was he didn't know that he was in the 
            <lb/>book until he called on us at the very moment when we had that book on the 
            <lb/>table and were showing it to Alastair's friend Alastair. Their address 
            <lb/>is: 35, Elm Park Gardens, S.W.10. FLAX 4256. and this man who is taking the 
            <lb/>sobrasada lives opposite them and will leave it with them - that is of 
            <lb/>course, if the Pickstones find him to give it to him! I have put your 
            <lb/>address on the packet so the Bevan's will probably get in touch with you if 
            <lb/>etc.</p>
            <p>Will see Pedro about the gloves today, and will post them as soon as. 
            <lb/>Also the guitar things.</p>
            <p>Juan has started his O level this month. Selby has left the school, 
            <lb/>in fact he was asked not to return, and poor Abdullah has been expelled 
            <lb/>as he found it impossible to conform to school rules and also give up 
            <lb/>smoking [**]. By the way, did you ever get a pipe?</p>
            <p>No more news, and I'm getting cold sitting here, typing!</p>
            <p>Love from us all,</p>
            <p>
                <signatures>Mother</signatures>
            </p>
            <p>Margins:  Sorry to say I've just worked through your letters and can find 
            <lb/>no mention of what you wanted for your guitar. Did I dream it or was it on 
            <lb/>an envelope. Send a p.c. saying what &amp; I'll airmail it.</p>
        </body>
    </text>
</TEI>