<?xml version="1.0" encoding="UTF-8"?>
<?xml-stylesheet type="text/xsl" href="teibp.xsl"?>
<TEI xmlns="http://www.tei-c.org/ns/1.0">
    <teiHeader>
        <fileDesc>
            <titleStmt>
                <title>Title</title>
            </titleStmt>
            <publicationStmt>
                <p>Publication Information</p>
            </publicationStmt>
            <sourceDesc>
                <p>ST JOHN'S COLLEGE LIBRARY COLLECTION OWNED LETTERS FROM ROBERT (1895-1985) AND BERYL
               (1915- ) GRAVES TO WILLIAM GRAVES (1940- )</p>
            </sourceDesc>
        </fileDesc>
        <profileDesc><!-- correspAction type="sending"><persName>Robert Graves</persName><placeName>Corpus Christi, Texas</placeName><date when="1962-02-08">Feb 8, 1962</date></correspAction><correspAction type="receiving"><persName>William Graves</persName></correspAction--></profileDesc>
    </teiHeader>
    <text>
        <body>
            <pb facs="WG.62.02.08.a.jpg"/>
            <opener>
                <salute>Dear <persName>William</persName>,</salute>
            </opener>
            <p>So glad to get your letter. We now have a microphone for the tape recorder and it works
            very well so we can do some recordings this summer. Just back from
               <placeName>Palma</placeName> where we went for Juanito of the
               <persName>Fabrica's</persName> wedding. As the family has stolen so much from us we
            had to give them a decent wedding present so bought them some silver candlesticks - as
            they are living in <placeName>Palma</placeName> it will remind them of
               <placeName>Deya</placeName>. There has still been no proper rain this winter, so you
            can imagine what the light is like. The wedding took place at the church of
               <placeName>San Francisco</placeName> and the reception was in the Hotel Ensanche -
            the wedding was very nice but not the reception - too many people and the food was not
            specially good and they played worn out gramophone records, or sounded like it. I have
            just been in <placeName>Madrid</placeName> - I went back with <persName>Lucia</persName>
            to stay a few days with her and Stella while she took the Oxford exam - it depends on
            how much credit they give her for her A-levels, (which they don't insist on at
               <placeName>Oxford</placeName>) and school report etc. At this point,
               <persName>Tomas</persName> wants to write a few words -</p>
            <p>
                <add>dearWilliam. . xx ... xx. ..............................</add>
            </p>
            <p>I am here going to stop 9(I am going all wrong)</p>
            <p>To continue: Had a great time in <placeName>Madrid</placeName> as their flat is very
            nice - they've made it nice - but didn't do much except provide meals etc for
               <persName>Lucia</persName> and visited <persName>Mary</persName> once and also
               <persName>Stella's</persName> mad school. On the Sunday we took <choice>
                    <sic>Jasperout</sic>
                    <corr resp="#GravesWilliam">Jasper out</corr>
                </choice> for the day, he really
               <add>......love.....<persName>Thomas</persName>.....graves</add> is a marvellous boy
            and loves going out in the Morris. He goes to <persName>Stella's</persName> school some
            mornings. Another person I saw in <placeName>Madrid</placeName> was Ita's mother,
               <persName>Laura</persName>, who is staying there with her sisters.
               <persName>Ita</persName> is working for <persName>Dan</persName> now, as a Rentavilla
            courier. <persName>Maria Elena</persName> is in <placeName>New York</placeName> - in
            case you want to look her up on your way through her tel. no in UNIVERSITY 6 -2746 and
            her name is <persName>Mrs Andre Schiffrin</persName>.</p>
            <p>So glad you will be black in June. By the way <persName>Micky Rosenstingl</persName> has
            a Volkswagen now and considers you his 'blood brother' so you had better go for a
            Morris!</p>
            <pb facs="WG.62.02.08.b.jpg"/>
            <p>The Dinosaur book has not arrived yet, but <persName>Tomas</persName> is anxiously
            awaiting it. We gave him carpentry things for his birthday as he got a taste for it in
            Fornalutx where he used to go and work for a Soller carpenter on Saturdays.</p>
            <p>Have written again to the Swiss bank about the October money which seems to have
            vanished into thin air. It has gone out of our account and if it hasn't gone into yours
            it's for them to find out where it has gone, Swiss or not.</p>
            <p>I'll leave the rest of the page for Father, in case he wants to add anything. - lots of
            love from us all.</p>
            <p>RG: You'll be very pleased with <persName>Tomas</persName>: he's so bright &amp; well
            informed and sensible these days. Never swam, before, most of January and now in
            February: and it's pleasure not bravado. <persName>Freud</persName>: yes, it is
            interesting to know what he is all about so that you can laugh at it all. In
               <placeName>America</placeName> he's still current. In <placeName>England</placeName>
            he's exploded (among top people at least) and gradually vanishing. It was a fad like the
            18th century habit of putting cows in bedrooms so that women could be healed by their
            sweet breaths. To be psycho-analyzed is to have <persName>Freud</persName> planted in
            you: and you yourself die. The White Goddess is a crazy book. She represents the
            unpredictable natural woman, wholly uninhibited by male honour or conscience or
            intellect but with extraordinary (call them magical) powers: without whom this world
            would be a dull world indeed. The poet is her intermediary. Something like that. A muse
            is a woman who has these powers; almost always they destroy her in the end, the world
            being what it is. Yes: one can stop time poetically: or perform any common miracle if it
            is really necessary. But not experimentally or for display. <persName>Idries</persName>
            should be here in a month's time to write his Sufi book: he's made fantastic discoveries
            of the secret influence of Sufi thought in the English Middle Ages: proof in exact
            chapter and verse, for pages and pages. (That rhymes so it must be true!).</p>
            <closer>
                <signed>Love, Father.</signed>
            </closer>
        </body>
    </text>
</TEI>