<?xml version="1.0" encoding="UTF-8"?>
<?xml-stylesheet type="text/xsl" href="teibp.xsl"?><?xml-model href="http://www.tei-c.org/release/xml/tei/custom/schema/relaxng/tei_all.rng" type="application/xml" schematypens="http://relaxng.org/ns/structure/1.0"?><?xml-model href="http://www.tei-c.org/release/xml/tei/custom/schema/relaxng/tei_all.rng" type="application/xml"
	schematypens="http://purl.oclc.org/dsdl/schematron"?>
<TEI xmlns="http://www.tei-c.org/ns/1.0">
    <teiHeader>
        <fileDesc><!-- <correspDesc>
            <correspAction type="sending">
               <persName>Robert Graves</persName>
               <placeName>Canellun</placeName>
               <settlement>Deya</settlement>
               <region>Mallorca</region>
               <date when="1963-08-26"/>
            </correspAction>
            <correspAction type="receiving">
               <persName>William Graves</persName>
               <placeName>Agrinion</placeName>
               <nation>Greece</nation>
            </correspAction>
         </correspDesc>-->
            <titleStmt>
                <title>Letter Sent by Robert Graves to his son William, 26th August 1963</title>
            </titleStmt>
            <publicationStmt>
                <p>Publication Information</p>
            </publicationStmt>
            <sourceDesc>
                <p>ST JOHN'S COLLEGE LIBRARY COLLECTION OWNED LETTERS FROM ROBERT (1895-1985) AND BERYL
               (1915-2003) GRAVES TO WILLIAM GRAVES (1940- )</p>
            </sourceDesc>
        </fileDesc>
        <encodingDesc>
            <tagsDecl>
                <namespace name="http://www.tei-c.org/ns/1.0">
                    <tagUsage gi="persName" render="#blue"/>
                    <tagUsage gi="placeName" render="#i #green"/>
                    <tagUsage gi="add" render="#b"/>
                    <tagUsage gi="hi" render="#u"/>
                    <tagUsage gi="emph" render="#b #i #u"/>
                    <tagUsage gi="expan" render="#red"/>
                    <tagUsage gi="term" render="#purple"/>
                    <tagUsage gi="title" render="#u"/>
                </namespace>
            </tagsDecl>
        </encodingDesc>
    </teiHeader>
    <text>
        <body>
            <pb facs="WG.63.08.26.a.jpg"/>
            <opener>
                <placeName ref="#Canellun">Canellun</placeName>, <placeName ref="#Deya">Deya</placeName>
                <date when="1963-08-26">
                    <abbr>Aug</abbr>
                    <expan>ust</expan>
                    26 1963</date>
                <salute>Dearest <persName ref="#GravesWilliam">William</persName>:</salute>
            </opener>
            <p>What a marvellous good fortune to find that BAETYL [*] (Greek: <term xml:id="anc.gr">ΒΑΙΤΥΛΟΣ</term>), &amp; how wise to put it into <persName ref="#PortagaEleni">Eleni</persName>'s keeping! I so hope her husband &amp; she came to some amicable
            conclusion; she hasn't written.</p>
            <p>the Jazz Club [**] has been a great success so far, despite it's having been limited to
            midnight: when jazz warms up. <persName ref="#ScottRonnie">Ronnie
               Scott</persName>
                <add>'s arrival</add> was a great piece of luck; <rs ref="#ScottRonnie">he</rs> consented to prolong his visit a week and play
               <add>sax</add> every night in return for hotel-fare. <persName ref="#GravesLucia">Lucia</persName> got <rs ref="#GravesLucia">her</rs> picture into <hi rend="underlined">News</hi>
                <add>
                    <hi rend="underlined">of the World</hi> &amp; we also had a notice in the <hi rend="underlined">Daily Express</hi>! The usual takings are <hi rend="underlined">pesetas</hi> 3500 a night, better on Saturdays. That is 1500 clear.</add>
            </p>
            <p>Bill has another daughter: TANA - his fifth, counting one by-blow. He is entranced.
            Museum opens on the 31st.</p>
            <p>He, Lee &amp; two others dug again yesterday: more extinct goat &amp; bits of pots.</p>
            <p>I go to <placeName ref="#Epidaurus">Epidaurus</placeName> on <del>Aug</del>
                <abbr>Oct</abbr>
                <expan>ober</expan>
                23 for a week, not 
                    <abbr>Oct</abbr>
                <expan>ober</expan> 1. [***]</p>
            <pb facs=" WG.63.08.26.b.jpg "/>
            <p>Not a drop of rain, no water except two days a week; no electricity,
                    <del>though</del>
                <add>but</add>
                the Old Countess has won her point &amp; the <placeName ref="#Valldemossa">Valldemossa</placeName> pylon 
                <add>with help at Madrid</add> 
                must be shifted from her rock. She feared that the
            explosion would set fire to her hay barn. Now we <emph>should</emph> have electricity by
            October if....</p>
            <p>
                <persName ref="#GravesBeryl">Mother</persName> is seeing about books for <rs ref="#GravesWilliam">you</rs>: from Oxford.</p>
            <p>Guy &amp; his father &amp; friends are in Margot's Lluchalcari house; not a word from
            her, or any attempt to pay her debts here.</p>
            <p>I'm doing a dollar-a-word piece on 'Real Women' for <hi rend="underlined">Ladies Home
               Journal</hi>: 5000 words. If the editor doesn't like it, it's not my fault.</p>
            <p>Talk of sending <persName ref="#GravesJuan">Juan</persName> to learn photography in
            Sweden. "<emph>I</emph> don't know what will become of that boy" :<persName ref="#GravesBeryl">Beryl</persName>.</p>
            <p>Ralph goes in three days time; Peter van Ryder has <persName ref="#LaracuenAemilia">Cindy</persName>'s ticket to go back with him as "Mrs R Jacobs". <rs ref="#LaracuenAemilia">She</rs>'ll stay on until October.</p>
            <p>Tommy Matthews at the Posada with his family; seldom see him but he smiles cheerfully
            &amp; talks pig. <hi rend="underlined">Assine</hi> is mentioned in the <hi rend="underlined">Iliad</hi> II 560. It was originally founded by the Dryopians of
            Mount Parnassus. Interesting if there was green basalt on Parnassus?</p>
            <closer>
                <salute>Love</salute>
                <signed>Father</signed>
            </closer>
        </body>
    </text>
</TEI>