<?xml version="1.0" encoding="UTF-8"?>
<?xml-model href="http://www.tei-c.org/release/xml/tei/custom/schema/relaxng/tei_all.rng" type="application/xml" schematypens="http://relaxng.org/ns/structure/1.0"?><?xml-model href="http://www.tei-c.org/release/xml/tei/custom/schema/relaxng/tei_all.rng" type="application/xml"
	schematypens="http://purl.oclc.org/dsdl/schematron"?><?xml-stylesheet type="text/xsl" href="teibp.xsl"?>
<TEI xmlns="http://www.tei-c.org/ns/1.0">
    <teiHeader>
        <fileDesc>
            <titleStmt>
                <title>Title</title>
            </titleStmt>
            <publicationStmt>
                <p>Publication Information</p>
            </publicationStmt>
            <sourceDesc>
                <p>Information about the source</p>
                <p> ST JOHN'S COLLEGE LIBRARY COLLECTION OWNED LETTERS FROM ROBERT (1895-1985) AND BERYL
               (1915- ) GRAVES TO WILLIAM GRAVES (1940- ) </p>
            </sourceDesc>
        </fileDesc>
        <profileDesc><!--<correspDesc> 
           <correspAction type="sending">
              <persName ref="">Robert Graves
              </persName>
              <placeName>
                    Ardmore, Oklahoma
              </placeName>
               <date when="1962-01-03">Jan 3, l962</date>
           </correspAction>
           <correspAction type="receiving">
              <persName ref="">
                 William Graves
              </persName>
           </correspAction>
        </correspDesc> --></profileDesc>
        <encodingDesc>
            <tagsDecl>
                <namespace name="http://www.tei-c.org/ns/1.0">
                    <tagUsage gi="persName" render="#blue"/>
                    <tagUsage gi="orgName" render="#i #blue"/>
                    <tagUsage gi="ref" render="#u"/>
                    <tagUsage gi="head" render="#b #center"/>
                    <tagUsage gi="said" render="#i"/>
                    <tagUsage gi="placeName" render="#green"/>
                </namespace>
            </tagsDecl>
        </encodingDesc>
    </teiHeader>
    <text>
        <body>
            <pb facs="WG.62.01.03.a.jpg"/>
            <opener>
            Canellun letterhead.
            <date when="1962-01-02" rendition="#float-right">Jan 3, l962</date>
                <salute> Dearest William: </salute>
            </opener>
            <p>
            It was good <date when="1961-12-25">Christmas</date> and <date when="1961-01-31">New Year</date>: 
            especially with <name type="person" ref="#Stella">Stella</name> and <name type="person" ref="#Stella">Yancy</name>. 
            Sirocco most of the time, no rain. 
            We even swam two or three times. 
            <name type="person" ref="#Titus">Titus</name> is charming but ineffective
            &amp; as <name type="person" ref="#Stella">Stella</name> (like <name type="person" ref="#Lucia">Lucia</name>) says: 
            bring anyone to <name type="person" ref="#Deya">Deya</name> &amp; you soon see what they are like.
            <name type="person" ref="#Titus">Titus</name> seems to have failed the test and went off in dudgeon to <name type="place" ref="#Burgos">Burgos</name>.
         </p>
            <p>
                <name type="person" ref="#Yancy">Yancy</name> we love dearly: caught onto <name type="person" ref="#Deya">Deya</name> at once and she and 
            <name type="person" ref="#Stella">Stella</name> will share the cottage this year. <name type="person" ref="#Yancy">Yancy</name> 
            came with two American girls and is going hitchhiking to <name type="type" ref="#Italy">Italy</name> now with one of them named 
            <name type="person" ref="#Barbara">Barbara</name>, who is tough, a good sort and practised at the thumb.
         </p>
            <p>
                <name type="person" ref="#Pedro">Pedro</name> is still <name type="person" ref="#Pedro">Pedro</name>. 
            Tomorrow or maybe the day after (I forget) we attend <name type="person" ref="#Ramon">Ramon</name>'s
            inaugural performance with his orchestra at the Fenix. (Trouble with his father, one of
            the team who insisted on a rehearsal the same day: Ramon refused).
         </p>
            <p>
            No news much. Idries has been in Tangier and had coffee with Margot. No change there,
            but she says she's going to England for a few days.
         </p>
            <p>
            I've just finished a Fall of Troy for elder children in four messy
            <del rend="crossed-out">draughts</del> drafts; and then go
            back to Hebrew Myths. A lot of poems have piled up.
         </p>
            <p>
            Jimmy Metcalfe is rumoured to have married Pilar - that nice Mexican starlet whom he so
            let down last year.
         </p>
            <p>
            At last Palma is going to unify its four or five<pb facs="WG.62.01.03.b.jpg"/>
            bad museums into a good one, under Rosello. I suppose the ex-museums will become
            snackbars or kitch-shops.
         </p>
            <p>
            Ann &amp; her children went off finally yesterday to U.S.A. I hope Esteban makes the
            best of his freedom: paints again &amp; finds a less talkative partner in life with
            fewer encumbrances: though I like Ann.
         </p>
            <p>The hibiscus is still flowering &amp; the almond blossom &amp; the purple irises are
            permanently out. The electric light has dwindled to a red filament on the bulbs [*].
            (London is hellishly cold, they say).</p>
            <p>But the Valldemosa circumvallation, or whatever it is called, is fixed and fine. The
            village looks terrific from the South-East view.</p>
            <p>We appreciated your telegram.</p>
            <p>Lucia is having a shot at Oxford after all and will be invigilated for her exam at the
            end on this month in Madrid: St Anne's is the choice. Beryl was there and the principal
            was an undergraduate with me. Nice place, near St John's too. Students aren't allowed to
            marry which may be a good thing.</p>
            <closer>
                <salute> Much love, </salute>
                <signed> Father </signed>
            </closer>
        </body>
    </text>
</TEI>