<?xml version="1.0" encoding="UTF-8"?>
<?xml-model href="http://www.tei-c.org/release/xml/tei/custom/schema/relaxng/tei_all.rng" schematypens="http://relaxng.org/ns/structure/1.0"?>
<TEI xmlns="http://www.tei-c.org/ns/1.0" xmlns:xi="http://www.w3.org/2001/XInclude" xmlns:svg="http://www.w3.org/2000/svg" xmlns:math="http://www.w3.org/1998/Math/MathML">
    <teiHeader>
        <fileDesc>
            <titleStmt>
                <title>Robert Graves (1895-1985) Correspondence</title>
            </titleStmt>
            <publicationStmt>
                <p>Publication Information</p>
            </publicationStmt>
            <sourceDesc>
                <p>ST JOHN'S COLLEGE LIBRARY COLLECTION OWNED LETTERS FROM ROBERT (1895-1985) AND BERYL
          (1915- ) GRAVES TO WILLIAM GRAVES (1940- )</p>
            </sourceDesc>
        </fileDesc>
        <profileDesc><!--    <correspDesc>
      <correspAction type='sending'>
        <persName>Robert Graves</persName>
        <placeName></placeName>
        <date>1961-03-05</date>
      </correspAction>
      <correspAction type='receiving'>
        <persName>William Graves</persName>
        <placeName></placeName>
        <date>1961-03-05</date>
      </correspAction>
    </correspDesc>--></profileDesc>
    </teiHeader>
    <text>
        <body>
            <pb facs="WG.61.05.03.jpg"/>
            <opener>
                <date when="1961-03-05">March 5, 1961</date>
                <placeName ref="#Deya">Canellun, Deya, Mallorca, Spain</placeName>
                <salute>Dearest <persName ref="#GravesWilliam">Wm:</persName>
                </salute>
            </opener>
            <p>The Royal Duke of Grantham is a beautiful song and I used to sing it to you when you were little in a comic version about a dead monkey washed up by the tide. In my <hi rend="underline">English Ballads</hi> I restore the original text: funny James disclaimed knowledge of it since he himself published it for Heinemann's.</p>
            <p>I'll see about a tape machine in <abbr>
                    <placeName ref="#USA">U.S.A.</placeName>
                </abbr>
            </p>
            <p>Sorry you've been so troubled by my publicity. On March 19th The <hi rend="underline">Observer</hi> will publish my hard hitting review of the <hi rend="underline">New English Bible</hi>. The bastards had it coming for them.</p>
            <p>
                <persName ref="#CallasMargot">Margot</persName> coming here for Easter: saw her in Madrid ten days ago when I stayed with Alastair.</p>
            <p>Awful trouble with the conversion of the frigidaire to <hi rend="underline">butano</hi>, but maybe it can be fixed. </p>
            <p>Isla sent us a wonderful Dahomey (West Africa, see Atlas) drum record.</p>
            <p>Will come to <placeName ref="#Oxford"/>Oxford in October: don't know whether also on my way back from <placeName ref="#USA">U.S.A</placeName> on May25 or so.</p>
            <p>
                <add place="margin">Mother's distressed by your handwriting: will your examiners be able to read it she asks. I reply "he has two handwritings: one for friends."</add>
            </p>
            <closer>
                <salute>Love from us all,</salute>
                <signed>
                    <del rend="overstrike">
                        <gap reason="illegible" atLeast="1" atMost="2" unit="chars"/>
                    </del>Father</signed>
            </closer>
        </body>
    </text>
</TEI>