<?xml version="1.0" encoding="UTF-8"?>
<?xml-model href="http://www.tei-c.org/release/xml/tei/custom/schema/relaxng/tei_all.rng" type="application/xml" schematypens="http://relaxng.org/ns/structure/1.0"?><?xml-model href="http://www.tei-c.org/release/xml/tei/custom/schema/relaxng/tei_all.rng" type="application/xml"
	schematypens="http://purl.oclc.org/dsdl/schematron"?><?xml-stylesheet type="text/xsl" href="myletter.xsl"?>
<TEI xmlns="http://www.tei-c.org/ns/1.0">
    <teiHeader>
        <fileDesc>
            <titleStmt>
                <title>To_WG-29</title>
            </titleStmt>
            <publicationStmt>
                <p>Publication Information</p>
            </publicationStmt>
            <sourceDesc>
                <p>'ST JOHN'S COLLEGE LIBRARY COLLECTION OWNED LETTERS FROM ROBERT (1895-1985) AND BERYL
               (1915- ) GRAVES TO WILLIAM GRAVES (1940- )</p>
            </sourceDesc>
        </fileDesc>
        <encodingDesc>
            <tagsDecl>
                <namespace name="http://www.tei-c.org/ns/1.0">
                    <tagUsage gi="persName" render="#blue"/>
                    <tagUsage gi="orgName" render="#i #blue"/>
                    <tagUsage gi="ref" render="#u"/>
                    <tagUsage gi="head" render="#b"/>
                    <tagUsage gi="said" render="#i"/>
                    <tagUsage gi="placeName" render="#green"/>
                    <tagUsage gi="head" render="#center"/>
                    <tagUsage gi="emph" render="#u"/>
                </namespace>
            </tagsDecl>
        </encodingDesc>
        <profileDesc>
            <particDesc>
                <listPerson>
                    <person xml:id="GravesWilliam">
                        <persName>
                            <forename>William</forename>
                            <surname>Graves</surname>
                        </persName>
                        <birth when="1940">1940</birth>
                        <sex value="M">male</sex>
                        <note>Robert Graves' eldest son by Beryl</note>
                    </person>
                    <person xml:id="GravesRobert">
                        <persName>Robert Graves</persName><!-- to be completed by the students -->
                        <note>Robert Graves (1895-1985) was a poet, novelist, mythographer, critic and historian.
                            Probably best known as the author of <title>I,Claudius</title>, and <title>Claudius the God</title> and as a survivor and
                            poet of the Great War, he is one of the great figures of 20th Century English Poetry and
                            Literature.</note>
                    </person>
                    <person xml:id="GravesBeryl">
                        <persName>
                            <forename>Beryl</forename>
                            <surname>Pritchard</surname>
                            <surname type="married">Hodge</surname>
                            <surname type="married">Graves</surname>
                        </persName>
                        <idno type="VIAF">22304002</idno>
                        <idno type="LC-Name-Authority-File">nr96004407</idno>
                        <birth when="1915-02-22">
                            <placeName ref="#London">London</placeName>, 22 February
                            1915</birth>
                        <death when="2003-10-27">
                            <placeName ref="#Palma">Palma</placeName>, 27 October
                            2003</death>
                        <sex value="F">female</sex>
                        <note>Robert Graves's second wife. PPE at St Anne's College, Oxford. Married Alan Hodge 1938.
                            Changed her name by deed poll from Hodge to Graves in June 1943. Married Robert Graves in
                            May 1950 after his divorce from Nancy Nicholson earlier that year.</note>
                    </person>
                    <person xml:id="GoldschmidtKarl">
                        <persName>
                            <forename>Karl</forename>
                            <surname>Goldschmidt</surname>
                            <addName>
                                <forename type="first">Kenneth</forename>
                                <forename type="middle">Charles</forename>
                                <surname>Gay</surname>
                            </addName>
                        </persName>
                        <birth when="1912-02-12">
                            <placeName>Elbefeld</placeName>12 February 1912</birth>
                        <death when="1995-03-26">
                            <placeName ref="#Palma">Palma</placeName>26 March
                            1995</death>
                        <sex value="M">male</sex>
                        <occupation>Secretary, friend and collaborator of <name type="person" ref="#RG">Robert Graves</name>
                        </occupation>
                        <occupation from="1965" to="1978">Librarian at University Libraries of the State
                            University of New York at Buffalo</occupation>
                        <occupation from="1968" to="1978">Curator of the Poetry Collection at University
                            Libraries of the State University of New York at Buffalo</occupation>
                        <note>He was born Karl Goldschmidt in Germany, in 1912. He trained as a graphic artist
                            but left his native country in 1933 on Hitler's rise to power. 
                            1934 found him in Dey, Majorca, where the poets Robert Graves and Laura Riding
                            befriended the intelligent young man. He learnt English (reading Defoe) and was
                            soon helping with their Seizin Press and their typing, and wrote amusingly in Focus, their magazine.
                            At the outbreak of the Spanish Civil War in 1936, all three left Majorca on a Royal Navy destroyer.
                            Graves persuaded the ship's captain not to transfer Goldschmidt to a German ship, and back to Germany,
                            conscious of the fate that would, as a Jew, await him.
                            In England Goldschmidt obtained leave to stay and work and, when the Second World War broke out,
                            he gallantly served first in the Pioneer Corps, and later in the Royal Navy.
                            In the Pioneers - as a protection in case of capture - he had been made to change his name.
                            He became known (though he was always called Karl by his friends) as Kenneth Gay.
                            When the war was over, he was granted full British citizenship.</note>
                    </person>
                    <person xml:id="ReidAlastair">
                        <persName>
                            <forename>Alastair</forename>
                            <surname>Reid</surname>
                        </persName>
                        <idno type="VIAF">15102127</idno>
                        <idno type="LC-Name-Authority-File">n79085083</idno>
                        <birth when="1926-03-22">
                            <placeName>Whithorn</placeName>, 22 march 1926</birth>
                        <death when="2014-09-21">
                            <placeName>Manhattan</placeName>, 21 September
                            2014</death>
                        <sex value="M">male</sex>
                        <occupation>Writer</occupation>
                        <note>Scottish poet, writer, translator. On staff of "The New Yorker". Graves's friend and
                            confidant. Quarelled in 1961.</note>
                    </person>
                    <person xml:id="JepsonSelwin">
                        <persName>
                            <forename>Selwyn</forename>
                            <surname>Jepson</surname>
                        </persName>
                        <idno type="VIAF">118242376</idno>
                        <idno type="LC-Name-Authority-File">n89633547</idno>
                        <birth when="1899">1899</birth>
                        <death when="1989">1989</death>
                        <sex value="M">male</sex>
                        <occupation>Writer</occupation>
                    </person>
                    <person xml:id="GravesTomas">
                        <persName>
                            <forename>Tomás</forename>
                            <surname>Graves</surname>
                        </persName>
                        <idno type="VIAF">60874780</idno>
                        <idno type="LC-Name-Authority-File">n99034882</idno>
                        <birth when="1953-01-27">
                            <placeName>Palma</placeName>, 27 January 1953</birth>
                        <sex value="M">male</sex>
                        <occupation>Writer and musician</occupation>
                        <note>Robert Graves' third son by Beryl</note>
                    </person>
                    <person xml:id="NicholsonNancy">
                        <persName>Nancy Nicholson</persName>
                        <note>Robert Graves' first wife</note>
                    </person>
                    <person xml:id="NicholsonJenny">
                        <persName>Jenny Nicholson</persName>
                        <note>Robert Graves' eldest daughter by Nancy</note>
                    </person>
                    <person xml:id="NicholsonCatherine">
                        <persName>Catherine Nicholson</persName>
                        <note>Robert Graves' second daughter by Nancy</note>
                    </person>
                    <person xml:id="GravesLucia">
                        <persName>Lucia Graves</persName>
                        <note>Robert Graves' first daughter by Beryl</note>
                    </person>
                    <person xml:id="GravesJuan">
                        <persName>Juan Graves</persName>
                        <note>Robert Graves' second son by Beryl</note>
                    </person>
                    <person xml:id="BevanAneurin">
                        <persName>Aneurin Bevan</persName>
                        <note>Labour politician</note>
                    </person>
                    <person xml:id="Castor">
                        <persName>Castor</persName>
                    </person>
                    <person xml:id="Ann">
                        <persName>Ann</persName>
                    </person>
                    <person xml:id="Emilia">
                        <persName>Emilia</persName>
                    </person>
                    <person xml:id="Jaime">
                        <persName>Jaime</persName>
                    </person>
                    <person xml:id="PomeroyMarnie">
                        <persName>Marnie Pomeroy</persName>
                        <note>Canadian author, poet, publisher and teacher. Among other books, she is the author of
                            <title>Emily Dickinson</title> in the Greenwich Exchange Student Guide Literary Series. She was in
                            Mallorca in 1956 -1958 and a close friend of the Graves's.</note>
                    </person>
                    <person xml:id="PritchardEnid">
                        <persName>Enid Pritchard</persName>
                        <note>English solicitor, who helped draw up Robert Graves's Will. Beryl Graves's sister.</note>
                    </person>
                    <person xml:id="Claudius">
                        <persName>
                            <forename>Tiberius</forename>
                            <surname>Claudius</surname>
                            <addName>Caesar Augustus Germanicus</addName>
                        </persName>
                        <birth when="-0010-08-01">
                            <placeName ref="#Lyon">Lugdunum</placeName>
                            1 August 10 BC</birth>
                        <death when="0054-10-13">
                            <placeName ref="#Rome">Rome</placeName>13 October AD 54</death>
                        <sex value="M">male</sex>
                        <note> Claudius was emperor of Rome from AD 41-54. He married four times, and was succeeded by the emperor Nero. </note>
                    </person>
                    <person xml:id="CallasMargot">
                        <persName>
                            <forename>Margot</forename>
                            <surname>Callas</surname>
                        </persName>
                        <sex value="F">female</sex>
                    </person>
                    <person xml:id="WattWilliam">
                        <persName>
                            <forename>William</forename>
                            <surname>Watt</surname>
                        </persName>
                        <note>Son and partner of A.S.Watt, Director of A.P.Watt &amp; Son, in 1940s
                            (British Literary agency that represented Robert Graves as from the late
                            1930's).</note>
                    </person>
                    <person xml:id="CrotonAntonia">
                        <persName>
                            <forename>Antonia</forename>
                            <surname type="birth">Dalton</surname>
                            <surname type="married">Croton</surname>
                        </persName>
                        <birth when="1945">
                            1945
                        </birth>
                        <sex value="F">Female</sex>
                        <note>Graves's granddaughter (Catherine Nicholson's daughter)</note>
                    </person>
                    <person xml:id="CameronIsla">
                        <persName>
                            <forename>Isla</forename>
                            <surname>Cameron</surname>
                        </persName>
                        <birth when="1930-03-05">
                            <placeName>Scotland</placeName>March 5 1930</birth>
                        <death when="1980-05">May 1980</death>
                        <sex value="F">female</sex>
                        <occupation>Actress and Folk Singer</occupation>
                        <note>Scottish actress and folk singer. Came to Deya in the early 1960s with Maggie Smith.</note>
                    </person>
                    <person xml:id="PortagaEleni">
                        <persName>
                            <forename>Eleni</forename>
                            <surname>Portaga Stratu</surname>
                        </persName>
                        <sex value="F">female</sex>
                        <occupation>Greek Sculpturess</occupation>
                    </person>
                    <person xml:id="ScottRonnie">
                        <persName>
                            <forename>Ronnie</forename>
                            <surname>Scott</surname>
                        </persName>
                        <birth when="1927-01-28">28th January 1927</birth>
                        <death when="1966-12-23">23rd December 1966</death>
                        <sex value="M">male</sex>
                        <occupation>Jazz saxophonist</occupation>
                    </person>
                </listPerson>
            </particDesc><!--<correspDesc>
         <correspAction type="sending">
            <persName>Robert Graves</persName>
            <persName>Beryl Graves</persName>
            <placeName>Canellun </placeName>
            <settlement>Deya</settlement>
            <region>Mallorca</region>
            <date when="1963-03-07"/>
         </correspAction>
      </correspDesc>-->
        </profileDesc>
        <profileDesc>
            <handNotes>
                <handNote xml:id="RobertGraves">The hand of Robert Graves</handNote>
            </handNotes>
        </profileDesc>
    </teiHeader>
    <text>
        <body>
            <pb facs="WG.63.03.07.jpg"/>
            <div>
                <opener>
                    <placeName ref="#Canellun">Canellun</placeName>, <placeName ref="Deya">Deya</placeName>, Mallorca, Spain <lb/>
                    <date when="1963-03-07">
                        <choice>
                            <sic>Mzrch</sic>
                            <corr>March</corr>
                        </choice> 7th, 1963 San Tomas de Aquino</date>
                    <salute>Dear <persName ref="GravesWilliam">William</persName>,</salute>
                </opener>
                <p>nice to hear from you again. What a brilliant solution to your car problem - really I
               never thought of that as being possible.</p>
                <p> Actually I think <persName ref="#GravesJuan">Juan</persName> is <choice>
                        <sic>alll</sic>
                        <corr>all</corr>
                    </choice> right, from what <persName ref="#GravesLucia">Lucia</persName> says.
               Anyhow, he will have to be as I can't think of what else he can do. When he has a bit
               more self confidence he will probably get to see more people </p>
                <p>The building has come <subst>
                        <del>c</del>
                        <add>t</add>
                    </subst>o a stop because we are waiting for the doors - the windows can't be moved
               until we have them nor the floor tiled. Still it shouldn't take long, provided we get
               the men back <emph>when</emph> we get the doors. <persName ref="#GoldschmidtKarl">Karl</persName> goes to complain to the carpenter twice a week. </p>
                <p>Village news: no mayor elected yet, nobody seems to want the job. <persName ref="#Jaime">Jaime</persName> has left <persName ref="#Gelat">Gelat's</persName> service and is going to set up in a
               garage in <placeName ref="#Soller">Soller</placeName> with his brother. Don't know
               who is driving the bus. The new Café has television. <persName ref="#GravesTomas">Tomás</persName> is overjoyed. The electricity is making good progress - wires
               are up nearly as far as <placeName ref="#Valldemossa">Valldemosa</placeName>, and the
               transformer house isn't empty any more. </p>
                <p>What luck you were able to take Nina up to <placeName ref="#Oxford">Oxford</placeName>. <persName ref="#GravesLucia">Lucia</persName> says she now
               knows why people commit suicide at University. Still, after these exams it should be
               easier. Poor <persName ref="#GravesLucia">Lucia</persName> - Ramon has now taken a
               job in <placeName ref="#Barcelona">Barcelona</placeName>, so she will have to spend
               half her holidays over there. The Vs delayed telling him that they were st<add place="over">a</add>rting at T<subst>
                        <del>o</del>
                        <add>i</add>
                    </subst>tos on March 1st, and meanwhile he had taken a temporary job in <placeName ref="#Barcelona">Barcelona</placeName>. Now Tomeu is being posted to
                  Af<del>t</del>
                    <add>r</add>ica so that <del>won</del> they won't be playing during
               the summer. </p>
                <p>I expect you heard that J has two puppies (out of 5) called Snowey and George
               Washington. They aren't very nice, but she loves them. The Princess is expecting
               kittens but w<add place="over">e</add> don't know if of royal blood, or from her
               Eastern neighbour. </p>
                <p>I really can't think of any other news - nothing much happens this time of year. I
               hope you will be here for Ione's wedding and I hope <persName ref="#GravesLucia">Lucia</persName> &amp; Ramon will too. Pity Stella can't make it - is she still
               teaching? </p>
                <p>Have sent the piece to Jake - have you done any more writing?</p>
                <closer>
                    <salute>lots of love from us all</salute>
                    <handShift new="#RobertGraves" medium="ink"/>
                    <signed>
                        <persName ref="#GravesBeryl">Mother</persName>.</signed>
                </closer>
            </div>
            <div>
                <p>Ricardo &amp; <persName ref="#CadnessElizabeth">Betty</persName> invited us to the
               launching of their new motor launch at Southampton on March 11th - The Rampager. We
               think it is an awful name - apart from its normal meaning which is bad enough could
               me Ramming Pages, Paging Rams, or Aging Ramps. </p>
                <p>RG: My Lawrence to his Biographer is out again after 25 years and I solved the secret
               of S.A who he said maddeningly was "a person plus a village in Syria (or property in
               it)." "Also an imaginary person of neutral sex. Answer: Son Altesse. Son Altesse
               (person in English); Al Tass (pronounced altess) a Syrian village; also property in
               it: al tass means 'a cup' in arabic. And Son Altesse is a Provençal way of addressing
               one's Muse. </p>
                <p>- <persName ref="#ShahIdries">Idries</persName> has sent off his Sufi book to
               Doubleday at last. He has approved my Introduction to it. </p>
                <p>Margot wrote from Canada on way back to N.Y where she's going to learn camera work
               and be back here in April. <persName ref="#GravesTomas">Tomás</persName>' Latin is
               better than yours was at the same age. Ya! </p>
                <p>I have sent off my 3 hour BBC sound version of the Iliad; &amp; am publishing
               Collected Short Stories. Etc, Etc!"</p>
                <closer>
                    <salute>Much love -</salute>
                    <signed>
                        <persName ref="#GravesRobert">Father</persName>
                    </signed>
                </closer>
            </div>
        </body>
    </text>
</TEI>