<?xml version="1.0" encoding="UTF-8"?>
<?xml-model href="http://www.tei-c.org/release/xml/tei/custom/schema/relaxng/tei_all.rng" type="application/xml" schematypens="http://relaxng.org/ns/structure/1.0"?><?xml-model href="http://www.tei-c.org/release/xml/tei/custom/schema/relaxng/tei_all.rng" type="application/xml"
	schematypens="http://purl.oclc.org/dsdl/schematron"?>
<TEI xmlns="http://www.tei-c.org/ns/1.0">
    <teiHeader>
        <fileDesc>
            <titleStmt>
                <title>Title</title>
            </titleStmt>
            <publicationStmt>
                <p>Publication Information</p>
            </publicationStmt>
            <sourceDesc>
                <p>ST JOHN'S COLLEGE LIBRARY COLLECTION OWNED LETTERS FROM ROBERT (1895-1985) AND BERYL
               (1915- ) GRAVES TO WILLIAM GRAVES (1940- )</p>
            </sourceDesc>
        </fileDesc><!-- 
     <correspDesc>
         <correspAction type="sending">
            <persName>Graves, Robert</persName>
            <placeName>39 Montague Sq. London W.1.</placeName>
            <date when="1962-11-08"/>
         </correspAction>
         <correspAction type="receiving">
            <persName>Graves, William</persName>
            <placeName>Sahara Desert, Algeria</placeName>
         </correspAction>         
      </correspDesc>
-->
    </teiHeader>
    <text>
        <body>
            <pb facs="WG.62.11.08.a.jpg"/>
            <opener>
                <placeName>39 Montague Sq. London W.1.</placeName>
                <date when="1962-11-08">Nov 8th 1962</date>
                <salute>Dearest <persName ref="#GravesWilliam">
                        <choice>
                            <abbr>Wm</abbr>
                            <expan>W<ex>illia</ex>m</expan>
                        </choice>
                    </persName>
                </salute>
            </opener>
            <div>
                <p>News: let me see. All's well in general.</p>
                <p>
                    <persName>Jenny</persName> is in <placeName>Africa</placeName> still: she's been
               everywhere three or four times over except the <placeName>Sahara</placeName>;
               demands your address. <persName>Sam</persName> came up with
                  <persName>Analese</persName> &amp; the grandchildren both redhaired &amp; tough.
                  <persName>Lucia</persName> settling down pretty well at <orgName>St
                  Anne's</orgName> after the first despairing look at the English around her - not
               as bad as <orgName>Oundle</orgName> but from the top of the same barrel -now she
               hears that <persName>Ramón</persName> is coming here with the Valdemosans quite soon
               [*], so that's alright. <persName>Tomás</persName> loves his school &amp; has had a
               half-term holiday - seen the <placeName>Tower</placeName>, &amp; the <placeName>Zoo</placeName> &amp; all the other sights including
               Guy Fawkes night. <persName>Juan</persName> is in dark room, but promoted slightly,
               &amp; very happy in his quiet way. <persName>Margot</persName> has been here for a couple
               of weeks: regained her lost stone of weight, got some nice clothes, and is looking
               for a job. She's in terrific form. <persName ref="#CameronIsla">Isla</persName>'s
               fine: she &amp; I &amp; a chap called <persName>Tony Britten</persName> are giving a
               poem and song performance at the <orgName>Mermaid theatre</orgName> quite soon:
                  <persName ref="#CameronIsla">Isla</persName> talked me into it. My lectures have
               been a great success. <persName>Helen Morningstar</persName> is around, too for a few
               days: on the way to <placeName>America</placeName>. She had heard from
                  <persName>Ralph Jacobs</persName> that <persName>Esteban</persName> instead of
               marrying the millionaire countess sold some early paintings for 6000 dollars in 100
               dollar bills &amp; came to throw them into <persName>Ann</persName>'s lap - the day
               she married someone else. She was not deflected from her design; whether he threw
               himself over <placeName ref="#BrooklynBridge">Brooklyn Bridge</placeName> or killed her I don't know.</p>
            </div>
            <div>
                <p>Enclosed cutting about <persName>Juan</persName>! He is actually going to get a
               camera soon! Just seen the Duncan's at a party - spoke very affectionately of you.
               Longing to have more news about the Oases.</p>
                <salute>Lots of love, Mother.</salute>
            </div>
            <pb facs="WG.62.11.08.b.jpg"/>
            <div>
                <p>
                    <persName>Idries</persName> and <persName>Cynthia</persName> are great stand-by's. He
               still has a boil, but going on with his Sufi book with enormous concentration.
                  <persName>Sonja</persName> is getting a practised air hostess now.
                  <persName>Stella</persName> enjoys her job of secretly reporting on the food,
               sanitation, etc of <placeName>London</placeName> for the <orgName>Good Food
                  Society</orgName> or whatever it is called; but she's not allowed to have a fellow
               eater on the pay-roll too, so it's a bit lonely. <persName>Yancy</persName>'s got the
               job in the antique shop lending sets to films.</p>
                <p>
                    <persName>Ricardo</persName>, <persName>Tom Matthews</persName> and <persName>Betty
                  Sicre</persName> came to the last <placeName>Oxford</placeName> Lecture.
                  <persName>Betty</persName> is very unhappy &amp; frozen in her relations with me,
               and self conscious about her half paralysed face. I gather
                  <persName>Alastair</persName> has been trying to win sympathy for his plight; but
               I don't know where he is, &amp; care less. <persName>Tom</persName>'s in good form
               but <persName>Martha</persName> always goes out when his friends arrive.</p>
                <p>
                    <persName>Beryl</persName> is thinking of sending <persName>Tomás</persName> to the
                  <orgName>Dragon School</orgName> at <placeName>Oxford</placeName>; it's pretty
               good compared to most prep schools, &amp; he does enjoy life at <orgName>Falkner
                  House</orgName>.</p>
                <p>Hebrew Myths is ready for the printing slate.....This central heating is getting me
               down a bit &amp; my hair is thinning. We loved your letter. <persName>Julian
                  Bream</persName> played to us on his new guitar which he hasn't yet broken in: "it
               actually plays wrong notes" he said angrily...He's going to give
                  <persName>Tomás</persName> a lesson when he comes back from
                  <placeName>Belgium</placeName> or somewhere. I go for walks at speed round &amp;
               round <placeName>Regent's Park</placeName>. Another lecture tomorrow to the
                  <orgName>Linguists Institute</orgName> on Translation: I feel a bit of a
               fraud.</p>
            </div>
            <closer>
                <salute>Much love - Father</salute>
            </closer>
        </body>
    </text>
</TEI>