<?xml version="1.0" encoding="UTF-8"?>
<?xml-model href="http://www.tei-c.org/release/xml/tei/custom/schema/relaxng/tei_all.rng" type="application/xml" schematypens="http://relaxng.org/ns/structure/1.0"?><?xml-model href="http://www.tei-c.org/release/xml/tei/custom/schema/relaxng/tei_all.rng" type="application/xml"
	schematypens="http://purl.oclc.org/dsdl/schematron"?><?xml-stylesheet type="text/xsl" href="teibp.xsl"?>
<TEI xmlns="http://www.tei-c.org/ns/1.0">
    <teiHeader>
        <fileDesc>
            <titleStmt>
                <title>Title</title>
            </titleStmt>
            <publicationStmt>
                <p>Publication Information</p>
            </publicationStmt>
            <sourceDesc>
                <p>ST JOHN'S COLLEGE LIBRARY COLLECTION OWNED LETTERS FROM ROBERT (1895-1985) AND BERYL
               (1915- ) GRAVES TO WILLIAM GRAVES (1940- )</p>
            </sourceDesc>
        </fileDesc><!--
      <correspDesc>
         <correspAction type="sending">
            <persName>Robert and Beryl Graves</persName>
            <placeName>in Sahara desert, Algeria</placeName>
            <date when="1962-11-16">Nov 16, 1962</date>
         </correspAction>
         <correspAction type="receiving">
            <persName>William Graves</persName>
            <placeName>39 Montague Sq. London W.1.</placeName>
         </correspAction>
      </correspDesc> -->
    </teiHeader>
    <text>
        <body>
            <pb facs="WG.62.11.16.a.jpg"/>
            <opener>
                <date when="1962-11-16">16th Nov.</date>
                <placeName>39 Montague W one.</placeName>
                <date when="1962-11-16">16th Nov</date>
                <salute>Dear William</salute>
            </opener>
            <p>- just received your letter. <persName>Tomas</persName> is very popular in the geography
            class as he can produce contacts in so many places. He wants to know the name of your
               <rs>oasis</rs>.</p>
            <p>We are not certain of our exact departure date - when <persName>Jenny</persName> asked
               <add place="above">[<persName>Robert</persName>]</add> for it he cabled :
               <persName>Solsticeish</persName>. Anyhow <persName>Tomas</persName> &amp; I won't
            leave before about <date notBefore="1962-12-19" notAfter="1962-12-20"/>Dec 19th or 20th
            &amp; <persName>Lucia</persName> will probably stay until then because
               <persName>Ramon</persName>
                <pb facs="WG.62.11.16.b.jpg"/> &amp; the
               <persName>Valdemosans</persName> are due to arrive today and start playing at the
               <placeName>Blue Angel</placeName> tomorrow!</p>
            <p>
                <persName>Gordon Wasson</persName> is here - comes to a Graves Supper on Monday next -
            too bad you won't be here.</p>
            <p>Not much other news I can think of. <persName>Juan</persName> is still in the dark room
            and hasn't yet got a camera. <persName>Tomás</persName> is fine and doing very well at
               <rs>school</rs>. <persName>Margot</persName> has taken a flat in <placeName>Green
               St.</placeName> over a 'Bridge Club'. <persName>Yancy</persName> has got a job, two I
            think. We see <persName>Stella</persName> occasionally - she is eating for the Good Food
            Guide.</p>
            <p>Sunday week <persName>Father</persName> is doing a show it the
               <placeName>Mermaid</placeName> with <pb/>
                <persName>
                    <pb facs="WG.62.11.16.c.jpg"/> Isla</persName> &amp; a chap called <persName>Tony
               Briton</persName>. The <orgName>Oxford lectures</orgName> have gone well - one more,
            next Tuesday.</p>
            <p>I hope our last letter reached you. Car is going well, <persName>Juan</persName> is
            taking driving lessons. I am taking Russian Lessons with an old <persName>Russian
               Nun</persName>.</p><!-- <closer>Lots of love from us all, Mother</closer> -->
            <p>Am writing the Introduction to Idries book about The Sufis; he's written about 150,000
            words. The difficulty about discussing Sufiism is the same as about poetry: either one
            knows what it's about or one doesn't. If one does, why explain?; if not, why bother to
            try?. We see a lot of Margot. She's completely recovered her health and is now loose
            with a camera. - I don't like this central heat, but Boy, it's cold outside: snowflakes
            today. Haven't any work plans but I'll see what happens; first time in years &amp; years
            I have not got a book scheduled or contracted for. Peace, it's wonderful. Keep an
            archaeological look out [**]. My view is that the Sahara was Atlantis &amp; that our
            Neolithic ancestors migrated thence around 2100sh. Love Father. </p>
        </body>
    </text>
</TEI>