<?xml version="1.0" encoding="UTF-8"?>
<?xml-stylesheet type="text/xsl" href="teibp.xsl"?><?xml-model href="http://www.tei-c.org/release/xml/tei/custom/schema/relaxng/tei_all.rng" type="application/xml" schematypens="http://relaxng.org/ns/structure/1.0"?><?xml-model href="http://www.tei-c.org/release/xml/tei/custom/schema/relaxng/tei_all.rng" type="application/xml"
	schematypens="http://purl.oclc.org/dsdl/schematron"?>
<TEI xmlns="http://www.tei-c.org/ns/1.0">
    <teiHeader>
        <fileDesc><!--<correspDesc>
            <correspAction type="sending">
               <persName>
                  Robert Graves
               </persName>
               <placeName>
                 39,  Montagu Square
                 W. 1.
               </placeName>
               <date when="1962-10-05">
                  Oct 5th, 1962
               </date>
               
            </correspAction>
            <correspAction type="receiving">
               <persName>
                  William Graves
               </persName>
               <placeName>
                  Guisona, Spanish Pyrenees
               </placeName>

            </correspAction>
         </correspDesc>-->
            <titleStmt>
                <title>Title</title>
            </titleStmt>
            <publicationStmt>
                <p>Publication Information</p>
            </publicationStmt>
            <sourceDesc>
                <p>St John's College Library Collection-owned letters from Robert (1895-1985) and Beryl
               (1915- ) Graves to William Graves (1940- )</p>
            </sourceDesc>
        </fileDesc>
        <encodingDesc>
            <tagsDecl>
                <namespace name="http://www.tei-c.org/ns/1.0">
                    <tagUsage gi="persName" render="#blue"/>
                    <tagUsage gi="placeName" render="#green"/>
                </namespace>
            </tagsDecl>
        </encodingDesc>
    </teiHeader>
    <text>
        <body>
            <div>
                <pb facs="WG.62.10.05.a.jpg"/>
                <opener>
                    <dateline>
                        <date when="1962-10-05">Oct 5th</date>
                    </dateline>
                    <salute>Dear <persName ref="#GravesWilliam">William</persName>:</salute>
                </opener>
                <p>Well, here we are settled in our flat, quite near to <placeName ref="#BakerStreet">Baker Street</placeName>. It has central heating! A bit out of the way for
                  <placeName ref="#FalknerHouse">
                        <persName ref="#GravesTomas">Tomas</persName>'s
                  school</placeName> but very handy for <persName ref="#GravesJuan">Juan</persName>
               - both work and swimming. <persName ref="#CrotonAntonia">Antonia</persName> seems
               very happy to be in <placeName ref="#England">England</placeName> and enjoyed the flight and it is a
               great help having her here. We have a super kitchen and I hope to get a television
               installed tomorrow so that should keep her happy. <persName>Father</persName> knows
                  <placeName ref="#BakerStreet">this district</placeName> so is less lost than usual [**]- also has
               found a shop called Whole Food which only stocks compost grown food and veg, eggs
               from free, compost grown food fed hens etc. </p>
                <p>Longing to hear what sort of training you get in <placeName ref="#Spain">Spain</placeName> for
                  <placeName>the Sahara</placeName> [***]. I'm sorry I didn't write sooner but
               mislaid your address in the move. </p>
                <p>
                    <persName ref="#GravesJuan">Juan</persName> got his first wages yesterday £4
               [****]and something which was good luck as he had only been there 3 days - took
               Wednesday off for the rail strike. <placeName ref="#London">London</placeName> was deserted and
               very pleasant, as most people stayed away from work. I can't see what the strike
               achieved. <persName ref="#GravesJuan">Juan</persName> is working in the dark room at
               present, processing and glossing photos. </p>
                <p>I enclose your p.c. from <persName>Jenny</persName> - can't think of any other news
               at the minute, car going well, hope yours is. </p>
                <closer>lots of love <persName>Mother</persName>
                </closer>
            </div>
            <div>
                <pb facs="WG.62.10.05.b.jpg"/>
                <opener>RG:</opener>
                <p>It's alright <placeName ref="#BakerStreet">here</placeName>; settling down. <persName ref="#GravesTomas">Tomás</persName> yesterday had his first Latin homework (loves it), and I'd
               taught him the rules of Rugger, so he tackled the biggest boy in the school (low) and
               robbed him of the leather. <persName ref="#GravesJuan">Juan</persName> is happy at
               his job. </p>
                <p>
                    <persName>Margot</persName> comes <placeName ref="#London">here</placeName> from
                  <placeName ref="#Barcelona">Barcelona</placeName> on the 13th. and will be staying in a tiny flat
               above <persName>Anne Snow</persName> in <placeName ref="#AdelaideRoad">Adelaide Road</placeName> - where
               your dear mother was living when we first met. </p>
                <p>
                    <persName>Margot</persName> has gained most of her lost weight and is thoroughly
               herself: more so than ever and free at last She was very disappointed at missing you. </p>
                <p>
                    <persName>Ricardo's mother</persName> lives at <placeName>Bellver</placeName>, a few
               kilometres from <placeName ref="#Puigcerdá">Puig Cerdá</placeName>. She is a widow now. See her if you
               can: she's a wonderful old dame, &amp; send her our love.</p>
                <closer>Good luck and love <signed>
                        <persName>Father.</persName>
                    </signed>
                </closer>
            </div>
        </body>
    </text>
</TEI>