<?xml version="1.0" encoding="UTF-8"?>
<?xml-stylesheet type="text/xsl" href="../resources/MJT/myletter.xsl"?><?xml-model href="http://www.tei-c.org/release/xml/tei/custom/schema/relaxng/tei_all.rng" type="application/xml" schematypens="http://relaxng.org/ns/structure/1.0"?><?xml-model href="http://www.tei-c.org/release/xml/tei/custom/schema/relaxng/tei_all.rng" type="application/xml"
	schematypens="http://purl.oclc.org/dsdl/schematron"?>
<TEI xmlns="http://www.tei-c.org/ns/1.0">
    <teiHeader>
        <fileDesc>
            <titleStmt>
                <title>Robert Graves letter 18</title>
            </titleStmt>
            <publicationStmt>
                <p>DHOxSS 2015 TEI workshop</p>
            </publicationStmt>
            <sourceDesc>
                <p>ST JOHN'S COLLEGE LIBRARY COLLECTION OWNED LETTERS FROM ROBERT (1895-1985) AND BERYL
               (1915- ) GRAVES TO WILLIAM GRAVES (1940- )</p>
            </sourceDesc>
        </fileDesc>
        <profileDesc><!--<correspDesc>
            <correspAction type="sending">
               <persName>Robert Graves</persName>
            </correspAction>
            <correspAction type="receiving">
               <persName>William Graves</persName>
            </correspAction>
         </correspDesc>-->
            <particDesc>
                <listPerson>
                    <person xml:id="P181">
                        <persName>
                            <forename>William</forename>
                        </persName>
                    </person>
                    <person xml:id="P182">
                        <persName>
                            <forename>Lombard</forename>
                            <surname>Odier</surname>
                        </persName>
                    </person>
                    <person xml:id="P183">
                        <persName>
                            <forename>Ricardo</forename>
                        </persName>
                    </person>
                    <person xml:id="P184">
                        <persName>
                            <forename>Betty</forename>
                        </persName>
                    </person>
                    <person xml:id="P185">
                        <persName>
                            <forename>Beryl</forename>
                            <surname>Pritchard </surname>
                        </persName>
                        <birth when="1915"/>
                    </person>
                    <person xml:id="P186">
                        <persName>
                            <forename>Gennaro</forename>
                        </persName>
                    </person>
                    <person xml:id="P187">
                        <persName>
                            <forename>Gennaro</forename>
                        </persName>
                    </person>
                    <person xml:id="P188">
                        <persName>
                            <forename>Jake</forename>
                        </persName>
                    </person>
                    <person xml:id="P189">
                        <persName>
                            <forename>Lucia</forename>
                        </persName>
                    </person>
                    <person xml:id="P1810">
                        <persName>
                            <forename>Margot</forename>
                        </persName>
                    </person>
                    <person xml:id="P1811">
                        <persName>
                            <forename>Isla</forename>
                        </persName>
                    </person>
                    <person xml:id="P1812">
                        <persName>
                            <forename>Sonja</forename>
                        </persName>
                    </person>
                    <person xml:id="P1813">
                        <persName>
                            <forename>Anita</forename>
                        </persName>
                    </person>
                </listPerson>
            </particDesc>
            <settingDesc>
                <listPlace>
                    <place>
                        <placeName xml:id="locBoarsHill">
                            <location>
                                <geo>51.719582,-1.298595</geo>
                            </location>Boar's Hill</placeName>
                    </place>
                    <place>
                        <placeName>
                            <location>
                                <geo>40.966667,-5.666667</geo>
                            </location>Salamanca</placeName>
                    </place>
                    <place>
                        <placeName>
                            <location>
                                <geo>41.383333,2.183333</geo>
                            </location>Barcelona</placeName>
                    </place>
                </listPlace>
                <place>
                    <placeName>Playhouse</placeName>
                </place>
            </settingDesc>
        </profileDesc>
    </teiHeader>
    <text>
        <body>
            <pb facs="WG_61_10_18(a).jpeg oxygen:/eXist-db%20ckan.it.ox.ac.uk$eXist-db%20ckan.it.ox.ac.uk/db/apps/myGraves/facsimiles/WG.61.10.18.a.jpg "/>
            <pb facs="WG_61_10_18(b).jpeg oxygen:/eXist-db%20ckan.it.ox.ac.uk$eXist-db%20ckan.it.ox.ac.uk/db/apps/myGraves/facsimiles/WG.61.10.18.b.jpg"/>
            <opener>Dearest <persName>William</persName>:</opener>
            <p>
                <date when="1961-10-18">18th October 1961</date>
            </p>
            <p>I <subst>
                    <del>asked</del>
                    <add>cabled</add>
                </subst>
                <persName>
                    <forename>Lombard</forename>
                    <surname>Odier</surname>
                </persName> to cable you 1000 dollars for car [*].</p>
            <p>I expect <persName>
                    <forename>Ricardo</forename>
                </persName> will be able to put the
            Sahara at your disposal. He &amp; <persName>
                    <forename>Betty</forename>
                </persName> are
            (once more) parting.</p>
            <p>I have a splendid College Room, and <persName>
                    <forename>Beryl</forename>
                </persName> and
            I have a vintage Charles Adams flat on <placeName>Boar's Hill</placeName>... Underneath
            is a splendid Spanish Lecturer from <placeName>Salamanca</placeName> named
                  <persName>
                    <forename>Gennaro</forename>
                </persName>. I give him smuggled <hi rend="underline">Ganadores</hi>.</p>
            <p>
                <persName>
                    <forename>Jake</forename>
                </persName> is paying me the 350 dollars a month I
            pay you. But it is a secret, as you know.</p>
            <p>First lecture tomorrow 5pm. The <placeName>Playhouse</placeName> holds 500. At least
            1500 will want to attend. (I suggest loud speakers in another hall).</p>
            <p>
                <persName>
                    <forename>Lucia</forename>
                </persName> is very happy in <placeName>Ferraz
               27</placeName> still: but no special news.</p>
            <p>Saw <persName>
                    <forename>Margot</forename>
                </persName> in
            <placeName>Barcelona</placeName>; she hopes to come over next month. Looks thin and
            drained of her power.</p>
            <p>
                <persName>
                    <forename>Isla</forename>
                </persName> &amp;
                  <persName>
                    <forename>Sonja</forename>
                </persName>, whom we'll see this week end, are
            both sad, cold and lonely. Shortage of good men everywhere: as usual.</p>
            <p>We had no particular excitement on the way - especially me, I had French stomach which
            kept me from the real fun of <placeName>France</placeName> - except the
               <placeName>Lascaux Caves</placeName>, and
               <persName>
                    <forename>Beryl</forename>
                </persName> saw a Russian film at
               <placeName>Cherburg</placeName>, and we stopped at <placeName>Rennes</placeName> and
            heard <persName>
                    <forename>Anita's</forename>
                </persName> complaints about how her Moli
            relatives had robbed her. So I didn't press the fact that she had robbed me of about the
            same sum. (I like <persName>
                    <forename>Anita</forename>
                </persName>, always have). The
            whole trouble here is the difficulty of avoiding people, especially journalists.</p>
            <closer>Love Father</closer>
            <note>
                <add place="left margin"> Will always answer letters.</add>
            </note>
        </body>
    </text>
</TEI>