<?xml version="1.0" encoding="UTF-8"?>
<?xml-model href="http://www.tei-c.org/release/xml/tei/custom/schema/relaxng/tei_all.rng" type="application/xml" schematypens="http://relaxng.org/ns/structure/1.0"?><?xml-model href="http://www.tei-c.org/release/xml/tei/custom/schema/relaxng/tei_all.rng" type="application/xml"
	schematypens="http://purl.oclc.org/dsdl/schematron"?><?xml-stylesheet type="text/xsl" href="teibp.xsl"?>
<TEI xmlns="http://www.tei-c.org/ns/1.0">
    <teiHeader>
        <fileDesc>
            <titleStmt>
                <title>Title</title>
            </titleStmt>
            <publicationStmt>
                <p>Publication Information</p>
            </publicationStmt>
            <sourceDesc>
                <p>ST JOHN'S COLLEGE LIBRARY COLLECTION OWNED LETTERS FROM ROBERT (1895-1985) AND BERYL
               (1915- ) GRAVES TO WILLIAM GRAVES (1940- )</p>
            </sourceDesc>
        </fileDesc>
        <profileDesc><!-- <correspDesc>
            <correspAction type="sending">
               <persName ref="#GravesRobert"/>
               <persName ref="#"/>
               <placeName ref="#Canellun"/>
               <date ref="1962-02-03"/>
            </correspAction>
            <correspAction type="receiving">
               <persName ref="#GravesWilliam"/>
               <placeName ref="#Midland"/>
               <region ref="Texas"/>
            </correspAction>
         </correspDesc> --></profileDesc>
    </teiHeader>
    <text>
        <body>
            <pb facs="WG.62.03.22.jpg"/>
            <div>
                <opener>
                    <placeName>Canellun, Deya, Mallorca, Spain</placeName>
                    <date when="1962-02-03">March 2nd 1962</date>
                    <salute> Dear <persName ref="#GravesWilliam">William</persName>,</salute>
                </opener>
                <p>I think the VW looks wonderful - I hope I have done right, but rather than write to
               you first I wrote straight to <persName>Betty</persName> and sent her the
               specifications because otherwise she will have left <placeName ref="#Geneva">Geneva</placeName> for the Easter vacation and it might be too late to order it.
               By the way the <placeName>Geneva</placeName> bank have finally owned up to the
               October money - at least found out that in fact it never did reach
                  <placeName ref="#Dallas">Dallas</placeName> - so that can go towards it.</p>
                <p>It would certainly be nice if you could get a job in <placeName>Spain</placeName> -
               but believe they are searching for water, more than oil. Will ask
                  <persName>Ricardo</persName> for information when we see him at Easter, but you
               will probably have it all by then.</p>
                <p> Enclosed photo is the Dolphin which was washed up on the rocks at
                  <placeName>Lluch-Alcari</placeName>.</p>
                <p>Have had a difficult time finding a house for <persName>Ralph</persName> and
                  <persName>Cindy</persName> and had to take Can Caleu in the end as there is no
               other house available. <persName>George Sheridan</persName> got in before me and
               rented the whole lot. <persName>Geoffrey</persName> and <persName>Cicely
                  Cox</persName> want to come this summer.</p>
                <p>The puppies are fine, but getting too fat. Can't think of any other news - I think
               your letter crossed with one from us, which should have brought you more or less up
               to date.</p>
                <closer>
                    <salute>Lots of love from us all</salute>
                    <signed>
                        <persName>Mother</persName>
                    </signed>
                </closer>
                <postscript>
                    <p>P.S. <persName ref="#GravesLucia">Lucia</persName> got summoned to
                     <placeName>Oxford</placeName> for an interview and is in
                     <placeName>London</placeName> this week - having a good break if nothing else,
                  and seeing <persName>Nena</persName> and <persName>Piki</persName>, the
                     <persName>Valdemosans</persName> etc.</p>
                </postscript>
            </div>
            <div>
                <opener>
                    <salute> Dear <persName>William</persName>:</salute>
                </opener>
                <p>
                    <persName>Jenny</persName>'s back in <placeName>India</placeName> from
                  <placeName>Australia</placeName> where I sent her to fix up
                  <persName>Catherine</persName>'s affairs which were in a miserable state through
               no fault of her own. She worked wonders. I'm half-way through the first volume of
               Hebrew Myths which goes as far as the end of Genesis &amp; have found out a lot of
               strange things. <persName ref="#ShahIdries">Idries</persName> will be here soon I
               hope: he's doing this book about the Sufis for which I am writing an introduction:
               fascinating because it is not a religion or a philosophy or anything formalised, and
               formalising it distorts the whole charm. Briefly: its about how to achieve and retain
               baraka: by non-intellectual, non-austere [?], non-mystical means: but one has already
               to share the secret before it's told to one - and it comes as a pleasure to think
               that one isn't alone in that superstition [?], but just a member of an utterly
               unorganised serious- humorous secret society other members of which one may meet
               anywhere. Things are going very well for us really, touch wood, may they so continue!
               Haven't swum for a fortnight: sea rough, sun obscured, rocks wet. Love your
               word-pictures of your various destinos; it's good to know and never return.</p>
                <closer>
                    <salute>Love,</salute>
                    <signed>
                        <persName>Father</persName>.</signed>
                </closer>
            </div>
        </body>
    </text>
</TEI>