<?xml version="1.0" encoding="UTF-8"?>
<?xml-stylesheet type="text/xsl" href="teibp.xsl"?><?xml-model href="http://www.tei-c.org/release/xml/tei/custom/schema/relaxng/tei_all.rng" type="application/xml" schematypens="http://relaxng.org/ns/structure/1.0"?><?xml-model href="http://www.tei-c.org/release/xml/tei/custom/schema/relaxng/tei_all.rng" type="application/xml"
	schematypens="http://purl.oclc.org/dsdl/schematron"?>
<TEI xmlns="http://www.tei-c.org/ns/1.0">
    <teiHeader>
        <fileDesc>
            <titleStmt>
                <title>Letter 22</title>
                <respStmt>
                    <resp>TEI encoding by</resp>
                    <persName xml:id="lo">Liudmila Olalde</persName>
                </respStmt>
            </titleStmt>
            <publicationStmt>
                <p>Publication Information</p>
            </publicationStmt>
            <sourceDesc>
                <p>ST JOHN'S COLLEGE LIBRARY COLLECTION OWNED LETTERS FROM ROBERT (1895-1985) AND BERYL
               (1915- ) GRAVES TO WILLIAM GRAVES (1940- )</p>
            </sourceDesc>
        </fileDesc>
        <encodingDesc>
            <tagsDecl>
                <namespace name="http://www.tei-c.org/ns/1.0">
                    <tagUsage gi="persName" render="#blue"/>
                    <tagUsage gi="placeName" render="#green"/>
                    <tagUsage gi="orgName" render="#i #blue"/>
                    <tagUsage gi="ref" render="#u"/>
                    <tagUsage gi="head" render="#b"/>
                </namespace>
            </tagsDecl>
        </encodingDesc>
        <profileDesc><!--<correspDesc>
            <correspAction type="sending">
               <persName>Robert Graves</persName>
               <settlement>Canellum, Spain</settlement>
               <date when="1962-04">April 1962</date>
            </correspAction>
            <correspAction type="receiving">
               <persName>William Graves</persName>
               <settlement>Midland, Texas</settlement>
            </correspAction>
         </correspDesc>--></profileDesc>
    </teiHeader>
    <facsimile>
        <graphic xml:id="page1" url="WG.62.04.a.jpg"/>
        <graphic xml:id="page2" url="WG.62.04.b.jpg"/>
    </facsimile>
    <text>
        <body>
            <div type="letter">
                <pb facs="#page1"/>
                <opener>
                    <placeName ref="#Canellun">Canellun</placeName> letterhead undated (April 1962)
               Dearest <persName ref="#GravesWilliam">
                        <expan>
                            <abbr>W<ex>illia</ex>m</abbr>
                        </expan>
                    </persName>:</opener>
                <p>Mamon has two m's: thus Mammon which makes it sound yummer.</p>
                <p>
                    <persName ref="#GravesSamuel">Sam</persName> has two red-haired, left handed,
               pale-skinned, very critical, very intelligent children: the pure-bred Graves type,
               which somehow missed a generation in me. Godfather the boy and maybe he'll be kind to
               you in your old age. The Bible oh the Bible: I read it every morning for Tomas (1st
               Samuel &amp; Acts), then for the rest of the day I take Genesis to pieces for Hebrew
               Myths. It's great fun. I know all the dirt now better far than the Pope who hasn't
               had the advantage of my education.</p>
                <p> Talking of that, we drank a lot of champagne to celebrate <persName ref="#GravesLucia">Lucia</persName>'s getting into St Anne's - despite a filthy cold -
               or perhaps because they were so sorry for her - anyone's guess. </p>
                <p>
                    <persName ref="#CadnessElizabeth">Betty</persName> never got the letter <persName type="person" ref="#GravesBeryl">Beryl</persName>
                    <add place="margin" rend="*"> means I
                  haven't yet had a reply from <persName ref="#CadnessElizabeth">Betty</persName>
                  but perhaps she wrote directly to you? </add> sent her with specifications - she's
               on the Sarinette at <placeName ref="#Cannes">Cannes</placeName> - but <persName type="person" ref="#GravesBeryl">Beryl</persName>
                    <pb facs="#page2"/>has written again. Deya is beautiful now with all the blossom out:
               temperature has soared from the early forties to the early seventies. No more fires
               to keep up. Have had a chimenea estilo inglés put into the little room at the Posada,
               so that the chimney won't smoke even with the door shut, and a butagaz into the
               kitchen, but discretely para no estropear la vista Blast Juan: he refuses to reveal
               his end of term date: Le Rosée has already broken up and so have several other
               schools. The effing Church "presumes a hypothetic full moon" in reckoning Easter, for
               the sake of the Christians in Oceania if you follow me - which makes 29 days
               difference. You did well enough without <placeName ref="#Oxford">Oxford</placeName>,
               but I'm glad she's going there. Fred &amp; Toby are in their way as mysterious as
               Bert and Vida, so I can't answer. They have bought the house next to (also above
               &amp; underneath) Keith's cottage are converting it to human use. Keith is off in
               England &amp; we have the key of the cottage. I have agreed to lecture at M.I.T <note resp="#lo">
                        <p>This text was written in the
                  margin.</p>
                    </note><!-- I could also enclose the text written in the margin in an add-element or just neglect the fact that it was written on the margin, this approach would focus on the text and not on the document itself-->
                    <placeName type="place" ref="#Boston">Boston</placeName> next May - one lecture and a fortnight on
               the campus - I like occasional slumming among technologists. I don't think you'd like
               Shell: too English. why not ask Ricardo for an introduction to his pal Mattei. He's
               the lad, these days. You heard I guess that Juan March died as a result of his car
               crash with another car of one of his concerns: despite his 14441 capicua [*]. Ricardo
               wrote heartlessly of the old wretch. </p>
                <closer>
                    <salute>Much love</salute>
                    <signed>Father</signed>
                </closer>
            </div>
        </body>
    </text>
</TEI>