<?xml version="1.0" encoding="UTF-8"?>
<?xml-model href="http://www.tei-c.org/release/xml/tei/custom/schema/relaxng/tei_all.rng" type="application/xml" schematypens="http://relaxng.org/ns/structure/1.0"?><?xml-model href="http://www.tei-c.org/release/xml/tei/custom/schema/relaxng/tei_all.rng" type="application/xml"
	schematypens="http://purl.oclc.org/dsdl/schematron"?><?xml-stylesheet type="text/xsl" href="teibp.xsl"?>
<TEI xmlns="http://www.tei-c.org/ns/1.0">
    <teiHeader>
        <fileDesc>
            <titleStmt>
                <title>Title</title>
            </titleStmt>
            <publicationStmt>
                <p>Publication Information</p>
            </publicationStmt>
            <sourceDesc>
                <p>ST JOHN'S COLLEGE LIBRARY COLLECTION OWNED LETTERS FROM ROBERT (1895-1985) AND BERYL
               (1915- ) GRAVES TO WILLIAM GRAVES (1940- )</p>
            </sourceDesc>
        </fileDesc>
        <profileDesc><!-- <correspDesc>
            <correspAction type="sending">
               <persName>Robert Graves</persName>
               <placeName>Canellun, Deià</placeName>
               <date>1960-08-11</date>
            </correspAction>
            <correspAction type="receiving">
               <persName>William Graves</persName>
            </correspAction>
         </correspDesc> -->
            <particDesc>
                <listOrg>
                    <org xml:id="LombardOdier">
                        <orgName>Lombard Odier</orgName>
                    </org>
                </listOrg>
            </particDesc>
        </profileDesc>
        <encodingDesc>
            <tagsDecl>
                <namespace name="http://www.tei-c.org/ns/1.0">
                    <tagUsage gi="persName" render="#blue"/>
                    <tagUsage gi="placeName" render="#green"/>
                    <tagUsage gi="orgName" render="#i #blue"/>
                    <tagUsage gi="ref" render="#u"/>
                    <tagUsage gi="head" render="#b"/>
                    <tagUsage gi="said" render="#i"/>
                </namespace>
            </tagsDecl>
        </encodingDesc>
    </teiHeader>
    <text>
        <body>
            <pb facs="WG.60.08.11.a.jpg"/>
            <opener>
                <placeName>Canellun, Deya, Mallorca, Spain</placeName>
                <date when="1959-05-12">May 12</date>
                <salute>Dearest <persName ref="#GravesWilliam">
                        <choice>
                            <abbr>Wm</abbr>
                            <expan>William</expan>
                        </choice>
                    </persName>,</salute>
            </opener>
            <p>Thanks very much for the longest letter by at least five pages you have ever written
            home; I hate the thought of the alternative methods of death you have to choose on those
            glaciers, but I know you have a bias in favour of life.</p>
            <p> I hope you got money I sent you Poste Restante at <placeName>Linthal</placeName>.
               <orgName xml:id="L-O.ORG">Lombard Odier</orgName> are prepared to send you up to £100
            in Swiss francs whenever you call on them. In case you have lost their address at
               <placeName>Corraterie 11, Geneva</placeName>.</p>
            <p>
                <placeName>Deya</placeName> is more hectic than ever. We have only <persName ref="#GravesJuan">Juan</persName> &amp; <persName ref="#GravesTomas">Tomás</persName>
            here, <persName ref="#Debbie">Debbie</persName> is with the Foggs at Emmi's house(x),
            Lucia is away in <placeName ref="#Palma">Palma</placeName> meeting the right sort of boy friend. </p>
            <p>Our frigidaire came. We pulled down most of the larder to stick it in; where the broom
            cupboard used to be. It went like a charm for two days but has seized up owing to
            carbonized wicks from the stinking petroleo we get here. Just charring off the wick
            evenly in the hope we can get it alight again. </p>
            <p>Hot weather. Old Gardener. The Reeves all arrived, but no Antonia of the <placeName ref="Puigpunent">Puig</placeName> to look after them and no substitute. Caroleena had
            an exploratory operation to see if she had cancer - fortunately not -Mary Reid borrowed
            her house (being expelled from the Posada by the Reeves) &amp; gave a 1st birthday party
            for Jasper. Everyone was there including two marvellous Israeli singers. In the middle
            of the feast there was a sharp angry explosion from the table where I wasn't: Frank
            insulting Esteban who wanted to kill him in consequence. Fortunately the Señora de
            Canellun quickly tugged at Esteban's sleeve and changed places with him, so parted the
            two. A quarrel about Abstract Painting &amp; about that dim gipsy pansy Viola who was at
            the party and who gives me &amp; Beryl and Esteban the creeps, but to others is tops. </p>
            <p>Alan Lomax came of course the day after you left, with Shirley Collins who sings at the
            Troubadour and remembers you; it was terrific; &amp; Po &amp; Pedro sang Sa Ximbomba. We
            also heard a tape of the play; unfortunately part of the record got super-impressed on
            another part; but a lot survived including half of your superb talking blues &amp;
            Lucia's song about the Wetbacks and the Rio and Cropton House and all the bangs. The
            night you left, Margot said she wanted to get out of Can Quet, so we asked Ricardo to
            lend her Sa Guarda, which he did. Apparently he had also lent it to Kitty, who arrives
            tonight. Fortunately Margot &amp; Kitty are close friends, so there'll be no lio </p>
            <p>Tom Sanders got a sudden phosphorous flame from a match &amp;amp; thought he had won
            25,000 pesetas; but alas it was only a 25 peseta prize (red <pb facs="WG.60.08.11.b.jpg"/>flame instead of green). Alastair and I really think that
            the White Goddess film is coming off. We saw the Mati film which had some terrific
            moments; Brad was remarkable as a cad-comedian; Kate enchanting, and Margot even better
            when photographed than in three dimensions. Beryl says she ought to star as the White
            Goddess; but that will be hard to force on William Morris, who may want some ghastly
            Sofia Loren or someone. The melons are ripe and yellow and taste like heaven. The sea is
            calm. We have no more water troubles. Tomorrow I shall go into Palma &amp; get the
            address you need.</p>
            <closer>
                <salute>Love from</salute>
                <signed>Father &amp; all</signed>
            </closer>
            <note rend="Left margin">Can Cabello, Deya; or C/o us.</note>
            <note resp="#GravesBeryl" rendition="#red">Forgets you were there! love <persName ref="GravesBeryl">Mother</persName>
            </note>
            <note>William spent six weeks in the Alps doing geological field mapping as part of the
            geology course. The Play (an annual event on RG's birthday) that year was “Lawrence and
            the Wetbacks”. William had sung a “talking blues” in it. Mati's film had a weak story
            line but shows various of the Deya characters at the time including, RG, Margot, Bill
            Waldren.</note>
        </body>
    </text>
</TEI>