<?xml version="1.0" encoding="UTF-8"?>
<?xml-model href="http://www.tei-c.org/release/xml/tei/custom/schema/relaxng/tei_all.rng" type="application/xml"
	schematypens="http://purl.oclc.org/dsdl/schematron"?><?xml-model href="Work/Schema/out/letters(3).rng" type="application/xml" schematypens="http://relaxng.org/ns/structure/1.0"?>
<TEI xmlns="http://www.tei-c.org/ns/1.0">
    <teiHeader>
        <fileDesc>
            <titleStmt>
                <title>Letters from Robert (and Beryl) Graves to William Graves 10</title>
            </titleStmt>
            <publicationStmt>
                <p>dhoxss</p>
            </publicationStmt>
            <sourceDesc>
                <p>ST JOHN'S COLLEGE LIBRARY COLLECTION OWNED LETTERS FROM ROBERT (1895-1985) AND BERYL
               (1915- ) GRAVES TO WILLIAM GRAVES (1940- )</p>
            </sourceDesc>
        </fileDesc>
        <profileDesc><!--
         <correspDesc type='letter'>
            <correspAction type="sending">
               <person xml:id="GravesRobert"> 
                  <persName>Robert Graves</persName> 
                  <note>Robert Graves (1895-1985) was a poet, novelist, mythographer, critic and historian. Probably best known as the author of <title>I,Claudius</title>, and <title>Claudius the God</title> and as a survivor and poet of the Great War, he is one of the great figures of 20th Century English Poetry and Literature.</note> 
               </person>
            </correspAction>
            <correspAction type="recieving">
               <person xml:id="GravesWilliam"> 
                  <persName><forename>William</forename><surname>Graves</surname></persName> 
                  <birth when="1940">1940</birth> 
                  <sex value="M">male</sex> 
                  <note>Robert Graves' eldest son by Beryl</note> 
               </person>
            </correspAction>
         </correspDesc>
         --></profileDesc>
        <encodingDesc>
            <tagsDecl>
                <rendition xml:id="red">red ink</rendition>
                <rendition xml:id="handwritten">handwritten text</rendition>
                <rendition xml:id="vertical">marginal text written vertically</rendition>
                <rendition xml:id="interlinear">written above the line</rendition>
            </tagsDecl>
            <classDecl>
                <taxonomy>
                    <category xml:id="lowermargin"/>
                    <category xml:id="leftmargin"/>
                    <category xml:id="uppermargin"/>
                </taxonomy>
            </classDecl>
        </encodingDesc>
    </teiHeader>
    <text>
        <body>
            <pb facs="WG_59_05_12.jpg"/>
            <opener>
                <placeName>Canellun, Deya, Mallorca, Spain</placeName>
                <date when="1959-05-12">May 12</date>
                <salute>Dear William,</salute>
            </opener>
            <p>I hope all is well in London<del>a</del> and that the Land-Rover is behaving itself. Our
            new one is marvellous and so quiet and comfortable - I do hope you will like it. The
            colour is not bad - very pale green, and the roof is white inside and the upholstery
            grey. </p>
            <p>I am sorry to have to tell you that Betty and Ricardo have given up the mine. Their
            partner, whom they had known and trusted for ten years and who had a joint bank account
            with them, went off with $30,000 which was all the money they had put into it. So that
            was that. Any other ideas for the summer?</p>
            <p>Postage has gone up to 5 pts to England and 10 to America! it is now 5 pts ordinary mail
               USA<add>10 airmail.</add>
            </p>
            <p>Somebody wants to make a film of the White Goddess - don't know how they can do
               that<add>!</add>
            </p>
            <p>Can't think of any other news. Love to Mike and Sheila if you see them - I was sorry we
            weren't able to get to the Troubadour.</p>
            <closer>
                <salute>Lots of Love,</salute>
            </closer>
            <postscript ana="#lowermargin">
                <p rendition="#red #handwritten">Landrover has a heating <subst>
                        <del>syte</del>
                        <add>system</add>
                    </subst>system (compulsory in Switzerland), which can also be turned into a cooling
               one; ventilation in roof; and far better suspension - the road here is worse than
               ever! - and steers more easily. It was the only one left in Switzerland. (Thanks to
               Selwyn).</p>
                <p rendition="#red #handwritten">Running in on Ascension Day<date when="1959-05-07"/>,
               after a fabulous night with Harry and Nicki on the Vercors in their farmhouse, we
               kept at about 60-70 k.p.h on the Narbonne road. Little French cars shot by us, and
               near Montelimar, from which we send you some nougat, </p>
            </postscript>
        </body>
    </text>
</TEI>