<?xml version="1.0" encoding="UTF-8"?>
<?xml-model href="http://www.tei-c.org/release/xml/tei/custom/schema/relaxng/tei_all.rng" type="application/xml" schematypens="http://relaxng.org/ns/structure/1.0"?><?xml-model href="http://www.tei-c.org/release/xml/tei/custom/schema/relaxng/tei_all.rng" type="application/xml"
	schematypens="http://purl.oclc.org/dsdl/schematron"?><?xml-stylesheet type="text/xsl" href="../resources/DAS/myletter.xsl"?>
<TEI xmlns="http://www.tei-c.org/ns/1.0" xmlns:xi="http://www.w3.org/2001/XInclude">
    <teiHeader>
        <fileDesc>
            <titleStmt>
                <title>A letter from Robert Graves to William Graves (WG-17)</title>
            </titleStmt>
            <publicationStmt>
                <publisher xml:id="DS">Daniil Skorinkin</publisher>
                <date when="2015-07-21">21 July 2015</date>
            </publicationStmt>
            <sourceDesc>
                <p>Letters from Robert (and Beryl) Graves to William Graves</p>
            </sourceDesc>
        </fileDesc><!--<encodingDesc>
             <tagsDecl>
                <namespace name="http://www.tei-c.org/ns/1.0">
                    <tagUsage gi="persName" render="#red"/>
                    <tagUsage gi="placeName" render="#i #green"/>
                    <tagUsage gi="ref" render="#u"/>
                    <tagUsage gi="head" render="#b #ta_r"/>
                    <tagUsage gi="said" render="#i"/>
                    <tagUsage gi="placeName" render="#green"/>
                </namespace> 
            </tagsDecl>
        </encodingDesc> -->
        <profileDesc><!--
         <correspDesc>
            <correspAction type="sending">
               <persName ref="listPlace.xml#GravesRobert">Robert Graves</persName>
               <placeName ref="listPlace.xml#Canellun">Canellun, Deya, Mallorca, Spain</placeName>
               <date when="1961-10-08">8 October 1961</date>
            </correspAction>
            <correspAction type="receiving">
               <persName ref="listPlace.xml#GravesWilliam">William Graves</persName>
               <settlement ref="#Dallas">Dallas</settlement>
               <placeName>Dallas (Texas)</placeName>
            </correspAction>
         </correspDesc>
         --></profileDesc>
    </teiHeader>
    <text>
        <body>
            <pb facs="WG.61.10.08.a.jpg"/>
            <note>To_WG-17 (In <placeName ref="#Dallas">Dallas, <placeName ref="#Texas">Texas</placeName>
                </placeName>) --------------------------- </note>
            <opener>
                <placeName ref="listPlace.xml#Canellun">Canellun</placeName> letterhead <date when="1961-10-08">Oct 8th 1961</date>
                <salute>Dearest <persName ref="listPlace.xml#GravesWilliam">Wm</persName>:</salute>
            </opener>
            <p> I'm glad I know <placeName ref="#Dallas">Dallas</placeName>, but can't imagine you
                there, as I suppose you can't imagine me there either. Your letter to <persName ref="#Pedro">Pedro</persName> (which he showed me) was terribly true and funny.
                Nothing has happened here, or everything, as one may look at it. Drought broke while
                    <persName ref="listPlace.xml#GravesBeryl">Beryl</persName> was away in
                    <placeName ref="#Madrid">Madrid</placeName>. It's now much cooler, though the
                weather is fine. <persName>Margot</persName> stayed on for three days after
                    <persName ref="listPlace.xml#GravesBeryl">Beryl</persName> left. The situation
                is unclear to herself and therefore to everyone: I hope she realises soon that she's
                got into the wrong league and that it is doing her a lot of harm. But I've said my
                say and it's no good repeating myself. She tried hard to quarrel with me but
                failed.</p>
            <p>
                <persName ref="#Pedro">Pedro</persName> is fine. Haven't seen
                    <persName>Ramon</persName> since Lucia left. <persName>Lucia</persName> seems
                O.K. but will have quite a task keeping <persName>Stella</persName> out of mischief,
                I fear [*].</p>
            <p> Am so glad you liked <persName>Yancy</persName> and insisted on the
                    <placeName>Sorbonne</placeName> for her. She is really good, but any more
                American education might drain her of the baraka she certainly had when we last met. </p>
            <p> To keep myself out of mischief I have been working on <bibl>The Trojan War for
                    Children</bibl> - 25,000 words in about a fortnight. Will have finished it
                tomorrow. Summer bills:</p>
            <list>
                <item> (Pesetas) </item>
                <item> 12,000 Ca'n Rasca</item>
                <item> 9,000 Cala</item>
                <item> 9,000 Estanco</item>
                <item> 2,000 Butcher</item>
                <item> 2,000 Fonda</item>
                <item> 6,000 Etc</item>
                <item> ------- </item>
                <item> 40,000 pesetas </item>
            </list>
            <p> But the last week I wrote, in a morning, a 6 page children's story which earned me
                1000 dollars, less agents fee, less tax = 800 dollars = 48,000 pes. Isn't money
                ridiculous. And I sent some of my new poems to my agent and he sold eight to the
                newly reorganised Sat Eve Post at 10 dollars a line.</p>
            <p>
                <persName>Alston</persName> is much better, drinking less, and has paid his enormous
                bill at the <orgName>New Café</orgName>. May come to <placeName ref="listPlace.xml#London">London</placeName>. So may
                    <persName>Esteban</persName>.</p>
            <p> You are being sent 350 dollars a month to the <orgName>First Nat Bank</orgName> at
                    <placeName ref="#Dallas">Dallas</placeName>, from <country ref="listPlace.xml#Switzerlands">Switzerland</country> [**]; I have told
                    <persName>Jake</persName> this and asked him to pay me in return whatever he
                pays you, probably less.</p>
            <p> I hope you like Corpus Christi; it will certainly be a change from
                    <placeName>Dallas</placeName>. Our address will be:</p>
            <p> Professor &amp;; <persName ref="listPlace.xml#GravesBeryl">Mrs Graves</persName>
            </p>
            <p>
                <orgName>St Johns's Coll.</orgName>
            </p>
            <p>
                <placeName ref="#Oxford">Oxford</placeName>. </p>
            <p> I forget if I told you that I persuaded <persName ref="#IdriesShah">Idries</persName> to write the only book about the Sufis (apart from Western
                nonsense by men who never met on in their lives) yet written, and persuaded
                Doubleday to give him a 5000 dollar advance! He may come to
                    <placeName>Mallorca</placeName> &amp; use the flat for the job.</p>
            <p> The <persName>Flying Dutchman</persName> who offered the mike to me at
                    <placeName>Titos</placeName> [***] that night, arrived here mad one morning
                preaching Wrath of God out of Revelations, saying that he had just leaped from a 500
                meter cliff with a child in either arm, and decided not to kill his brother in law.
                He loved and adored me as a good Christian, &amp; gave us (we couldn't refuse):</p>
            <p/>
            <list>
                <item> 3 10 guelden gold pieces, worth about 10 dollars cash.</item>
                <item> a tin of Dirty Paws cleanser</item>
                <item> a tray of large silver coins</item>
                <item> a bottle of eau de cologne </item>
                <item> a matador's rapier</item>
                <item> a box of aspirins</item>
                <item> a large vulgar gold bracelet worth about 100 dollars</item>
                <item> (with an immense aquaine)</item>
                <item> a cleaver for kitchen</item>
                <item> Some stomach powders</item>
                <item> a dagger in sheath</item>
                <item> 23 Almonds</item>
                <item> a bottle of Haig &amp; Haig whisky</item>
                <item> a marvellous Phillips tape recorder (transistor)</item>
                <item> a ship's lantern</item>
                <item> a World War I medal</item>
                <item> a battered empty purse. </item>
            </list>
            <p>He went off threatening to call again; but he hasn't. We cross by <placeName ref="listPlace.xml#Barcelona">Barcelona</placeName> boat on the
                    <date>10th</date>, taking <persName>Diana</persName> with us (but not to stay
                with us), then breakfast with <persName>Suzie</persName> and
                    <persName>Kenneth</persName> &amp; (we hope) <persName>Margot</persName> on the
                    <date>11th</date>; <placeName>Silver City</placeName> [****] to
                    <placeName>Hove</placeName> on <date>Monday</date> then direct to <placeName ref="#Oxford">Oxford</placeName>. There I buy a professorial gown &amp; cap
                &amp; so to work. Looking forward to seeing <persName>Idries</persName>,
                    <persName>Cynthia</persName>, <persName>Isla</persName>,
                    <persName>Sonja</persName>, <persName>Sally</persName>,
                    <persName>Phyllis</persName>, <persName>Richard</persName> &amp; all our real
                friends.</p>
            <closer>Love <rs ref="listPlace.xml#GravesRobert">Father</rs>.</closer>
        </body>
    </text>
</TEI>