<?xml version="1.0" encoding="UTF-8"?>
<?xml-model href="http://www.tei-c.org/release/xml/tei/custom/schema/relaxng/tei_all.rng" type="application/xml" schematypens="http://relaxng.org/ns/structure/1.0"?><?xml-model href="http://www.tei-c.org/release/xml/tei/custom/schema/relaxng/tei_all.rng" type="application/xml"
	schematypens="http://purl.oclc.org/dsdl/schematron"?>
<TEI xmlns="http://www.tei-c.org/ns/1.0">
    <teiHeader>
        <fileDesc>
            <titleStmt>
                <title>Letter of Robert Graves to William Graves (To_WG-23)</title>
            </titleStmt>
            <publicationStmt>
                <p>Publication Information</p>
            </publicationStmt>
            <sourceDesc>
                <p>'ST JOHN'S COLLEGE LIBRARY COLLECTION OWNED LETTERS FROM ROBERT (1895-1985) AND BERYL
               (1915- ) GRAVES TO WILLIAM GRAVES (1940- )' </p>
            </sourceDesc>
        </fileDesc>
        <encodingDesc>
            <tagsDecl>
                <namespace name="http://www.tei-c.org/ns/1.0">
                    <tagUsage gi="persName" render="#blue"/>
                    <tagUsage gi="orgName" render="#i #blue"/>
                    <tagUsage gi="ref" render="#u"/>
                    <tagUsage gi="head" render="#b"/>
                    <tagUsage gi="said" render="#i"/>
                    <tagUsage gi="placeName" render="#green"/>
                    <tagUsage gi="said" render="#i"/>
                    <tagUsage gi="head" render="#b #ce"/>
                    <tagUsage gi="date" render="#p"/>
                    <tagUsage gi="title" render="#und"/>
                </namespace>
            </tagsDecl>
        </encodingDesc>
        <profileDesc><!-- <correspDesc>
            <correspAction type="sending">
               <persName>Graves Robert</persName>
               <placeName>Canellun</placeName>
               <region>Mallorca</region>
               <date>1962-05-09</date>
            </correspAction>
            
            
            <correspAction type="receiving">
               <persName>Graves William</persName>
               <placeName>Abiline</placeName>
               <region>Texas</region>
               
            </correspAction>
            
            
            
         </correspDesc>--></profileDesc>
    </teiHeader>
    <text>
        <body>
            <pb facs="WG.62.05.09.a.jpg"/>
            <opener>(in <placeName ref="#Abiline">Abiline</placeName>, Texas) <placeName>Canellun
               letterhead</placeName>
                <date>May 9th 1962</date>
                <salute>Dearest <persName ref="#GravesWilliam">
                        <choice>
                            <abbr>Wm</abbr>
                            <expan>William</expan>
                        </choice>
                    </persName>:</salute>
            </opener>
            <p>Nice to hear from you. <placeName ref="#Abilene">Abilene</placeName> used to be a
            district in Syria, <subst>
                    <del>including</del>
                    <add>stretching</add>
                </subst> S and S.E from Damascus; <del>and</del> part of the Territory of
               <persName>Herod Philip</persName>, and later of <persName>Herod Agrippa</persName>,
               <persName ref="#Claudius">Claudius</persName>'s pal. But it wasn't spelled with two
            i's... I'll be in London the <date from="1962-06-25" to="1962-06-29">25-29th June</date>
            so will miss you there. We haven't yet got <persName>Juan</persName>'s exact <subst>
                    <del>day</del>
                    <add>dates</add>
                </subst> but <persName>Betty</persName> is seeing to the car &amp; I have sent her the
            money, about £800 or so. It will be ready on <date>July <del>
                        <unclear/>
                    </del>10th</date>
            she says. She has been very sick; neglected some teeth &amp; has had half her face
            paralysed &amp; one eye affected. They are curing it by electric shocks.</p>
            <p>All <placeName>Spain</placeName> needs is WATER. There is 40 year's reserve of oil
            already in this world, as you doubtless know. WATER is the thing. * Have just fixed our
               <add>water</add> contract with <persName>Gelat</persName>: who will lead it up to the
            Posada, he swears. It has got as far as <placeName>Villa Verde</placeName>. <sic>)</sic>
            </p>
            <p>I wrote to <persName>Jake</persName> about <persName>Lucretia</persName>.</p>
            <p> I am getting towards the end of <emph>
                    <title>Hebrew Myths</title>
                </emph>
                <pb facs="WG.62.05.09.b.jpg"/>which will
            be a useful book and dreadfully informative about the Jewish mind.</p>
            <p> Tomorrow <persName ref="#GravesBeryl">Beryl</persName> &amp; <persName>Tomas</persName>
            go to <placeName>Cordoba</placeName> where <persName>Lucia</persName> will meet them -
               <persName> Helen Morningstar </persName>will be Co-driver. I stayed with
               <persName>Simon</persName> who is secretly turning the sheep-hut in our territory
            beyond the road into a pleasance. It's so secret that I'm not allowed there, or
               <persName>Beryl</persName>; only <persName>Tomas</persName> who helps. There will be
            an unveiling in June.</p>
            <p>
                <persName>Sonja</persName>'s coming here soon to recuperate from an operation.</p>
            <p>No news from <persName>Margot</persName> for the last six months though she's been in
               <placeName>London</placeName> with <persName>Alastair</persName>:
               <persName>Alastair</persName> is said to be going around the bend. He was at
            Formentor at a Writer's Congress or something this week, &amp; is now at
               <placeName>Barcelona</placeName> at a publishers Congress or something. The more I
            hear of him the worse stink of evil; good to be free of him as a friend at any cost.</p>
            <p>I was asked to do a treatment of a World War I story for a cinema film: did it, then
            sold it to Sat Eve.Post for 1500 dollars, to make it easier to sell to the $ boys as a
            picture. Saintly <persName>Billy</persName> has just been televised in London. Aren't I
            getting FAMOUS - it's comic!</p>
            <p>Have been writing my Latin Oration for <placeName>Oxford</placeName>; among the audience
            will be a new D.Litt (Hon) named <persName>Charles Chaplin</persName>, whose son is at
            school with <persName>Juan</persName>. <persName>C.Chaplin</persName> is said to have
            been quite a good comic in his day, but getting fat &amp; Swiss.</p>
            <closer>
                <salute>Much love</salute>
                <signed>Father</signed>
            </closer>
        </body>
    </text>
</TEI>