<?xml version="1.0" encoding="UTF-8"?>
<?xml-model href="http://www.tei-c.org/release/xml/tei/custom/schema/relaxng/tei_all.rng" type="application/xml" schematypens="http://relaxng.org/ns/structure/1.0"?><?xml-model href="http://www.tei-c.org/release/xml/tei/custom/schema/relaxng/tei_all.rng" type="application/xml"
	schematypens="http://purl.oclc.org/dsdl/schematron"?><?xml-stylesheet type="text/xsl" href="teibp.xsl"?>
<TEI xmlns="http://www.tei-c.org/ns/1.0">
    <teiHeader>
        <fileDesc>
            <titleStmt>
                <title>Title Letter11</title>
            </titleStmt>
            <publicationStmt>
                <p>Publication Information</p>
            </publicationStmt>
            <sourceDesc>
                <p>ST JOHN'S COLLEGE LIBRARY COLLECTION OWNED LETTERS FROM ROBERT (1895-1985) AND BERYL
               (1915- ) GRAVES TO WILLIAM GRAVES (1940- )</p>
            </sourceDesc>
        </fileDesc>
        <profileDesc><!-->
         <correspDesc>
            <correspAction type="sending">
               <persName>Robert Graves</persName>
               <date>December 1 1959</date>
            </correspAction>
            <correspAction type="receiving">
               <persName>William Graves</persName>
            </correspAction>
         </correspDesc></profileDesc>
         <--></profileDesc>
    </teiHeader>
    <text>
        <body>
            <pb facs="WG.59.12.01.jpg"/>
            <opener>
                <placeName ref="#Canellun">
                    <addName>Canellun</addName>, <placeName ref="#Deia">Deya</placeName>, <settlement>Mallorca</settlement>, <country>Spain</country>
                </placeName>
                <date when="1959-12-01">1st Dec, 1959</date>
                <salute>Dearest <persName ref="#GravesWilliam">
                        <abbr>Wm</abbr>
                    </persName>: </salute>
            </opener>
            <p>Season of colds and coughs; I've had mine, Mother is still wrestling with hers, Tomás
            can't make up his mind. The barometer dropped to nearly zero and o the storm and
            rain!</p>
            <p>Meanwhile we had the four little Weedons in the house until Tom died last Monday,
            painlessly after a long coma. Everyone behaved beautifully: Rovira persuaded the priest
            to allow him burial in a Catholic cemetery &amp; the whole village went up to view the
            difunto &amp; bring flowers &amp; escort him with candles to the cemetery a 1/2 of an
            hour away, where the Lord's prayer was said, &amp; all walked away silently.</p>
            <p>The only awful character was Polimani who refused to enter the house, and only sent a
            bill for 16 pesetas for 2 kilos of oranges; afterwards complained that the heater
            borrowed by Veronica for Tom was broken and must be repaired at her expense - but it was
            only his plug that was wrong!</p>
            <p>Somebody offered to sell his grandmother's grave and dispose of her elsewhere, but V.
            didn't like the headstone, so is making other arrangements.</p>
            <p> The child who felt the death worst was Fiona the youngest. Now they have all gone back
            but V. is worn to a rag by a fortnight of almost no sleep. We are buying them a poodle
            puppy to restore morale.</p>
            <p>"Apparently" had two ps; I do wish you had learned to read English before Spanish - our
            fault!</p>
            <closer>Love; <persName resp="#GravesRobert">Father</persName>
            </closer>
            <note>Ava sent me a pink tie from Rome hoping it found me in the pink! </note>
            <postscript>
                <p>I'll try to get the Valldemosa's address on my way to Palma tomorrow, if we survive
               until then, and enclose it. These dates are more or less: come to London about the
               8th or 9th &amp; R. goes to N.Y. 15th &amp; T &amp; I stay on until he returns Feb
               1st about.</p>
                <closer>
                    <salute>Lots of love, <persName resp="#GravesBeryl">Mother</persName>.</salute>
                </closer>
            </postscript>
            <postscript>
                <p>P.S. Enclosed is the address - they left here on Sunday. </p>
            </postscript>
        </body>
    </text>
</TEI>