<?xml version="1.0" encoding="UTF-8"?>
<?xml-stylesheet type="text/xsl" href="teibp.xsl"?><?xml-model href="http://www.tei-c.org/release/xml/tei/custom/schema/relaxng/tei_all.rng" schematypens="http://relaxng.org/ns/structure/1.0"?>
<TEI xmlns="http://www.tei-c.org/ns/1.0" xmlns:xi="http://www.w3.org/2001/XInclude" xmlns:svg="http://www.w3.org/2000/svg" xmlns:math="http://www.w3.org/1998/Math/MathML">
    <teiHeader>
        <fileDesc>
            <titleStmt>
                <title> LETTERS FROM ROBERT GRAVES TO WILLIAM GRAVES  ITEM To_WG-15</title>
            </titleStmt>
            <publicationStmt>
                <p>TEI exercise in DHxOSS</p>
            </publicationStmt>
            <sourceDesc>
                <p/>
            </sourceDesc>
        </fileDesc>
        <encodingDesc>
            <tagsDecl>
                <namespace name="http://www.tei-c.org/ns/1.0">
                    <tagUsage gi="persName" render="#blue"/>
                    <tagUsage gi="orgName" render="#blue"/>
                    <tagUsage gi="ref" render="#u"/>
                    <tagUsage gi="head" render="#c"/>
                    <tagUsage gi="said" render="#i"/>
                    <tagUsage gi="placeName" render="#green"/>
                </namespace>
            </tagsDecl>
        </encodingDesc>
        <profileDesc><!--   <correspDesc>
        <correspAction type="sending">
          <persName>Robert Graves </persName>
          <placeName> [Canellun letterhead] </placeName>
          <date> Around Aug 27, 1960 </date>
        </correspAction>
        <correspAction type="recipient">William Graves></correspAction>
      </correspDesc>
      --></profileDesc>
    </teiHeader>
    <text>
        <body>
            <div>
                <pb facs="WG.60.08.27.a.jpg"/>
                <opener>
                    <placeName>Canellun letterhead</placeName>
                    <lb/>
                    <date when="1960-08-27">Around Aug 27, 1960.-</date>
                    <salute>Dear
            Dear <persName ref="#GravesWilliam">Wm</persName> :</salute>
                </opener>
                <p>All you do is to write to 
          <subst>
                        <del>Lambard Odier <unclear/>
                        </del>
                        <add>LOMBARD ODIER 11</add>
                    </subst>
                    <lb/>
                    <add>CORRATERIE</add>, Geneve; or telegraph to 
          <hi rend="underline">Lombardodier </hi>Genè
          <hi rend="underline">ve</hi>saying <lb/>
          what money you want where and inform them that<lb/>
          you are my son 
        </p>
                <p> _We propose to go <add>on Sept 17th or 18th</add> to the 
          <placeName ref="#London">London</placeName> London - 
          <hi rend="underline">if </hi>we get over<lb/>
          these accumula<add>
                        <unclear/>
                    </add>
          ted complications of the triptych - through<lb/>
          Lyons where to spend 2 days with Sally and Richard <lb/> and reach London on
          September 24<hi>th</hi>. </p>
                <p>_The village is full of feuds and troubles, but we are <lb/>
          clear of them: the only trouble really has been Karl's<lb/>
          almost hysterical refusal to have Frank Hodg. (who <lb/>
          has been behaving very boringly) at <placeName ref="# Canellun"> Canellun</placeName>  - we<lb/>
          especially wanted Van and Kate here to look <lb/>
          after the dogs &amp; garden - neither of which Karl <lb/>
          can cope with
        </p>
                <p>In London we'll see <persName ref="#ReidAlastair"> Alastair </persName> and I'll go over the <lb/>
                    <hi>White Goddess</hi> film material with him. <persName ref="#GravesWilliam">William</persName>
                    <lb/>
          Morris <hi>may </hi>come here this month to talk about<lb/> the film.
          <del>
                        <unclear>
                            <lb/>
                        </unclear>
                    </del>
                </p>
                <p>Tonight Margot is inviting all of the more peaceful people here to supper which she will
          superlatively cook herself. The Knoops, Esteban, Jimmy d'A and us (also Nonni in her new
          wavy wig) She returns to the States on Sept 4th but proposes to be back in Europe soon...
          It is terribly hot. Not a spot of rain. </p>
                <p>I also hate pigs, apart from bacon [*]. So sorry about your troubles.</p>
                <p>I'm writing a piece for New Yorker about gold medals: have all the necessary information
          about which are real &amp; which fake.</p>
                <p>Soller fiesta last night. Lucia and Nena (wearing Margot's clothes) had a wonderful time
          and came back at 5.30 am. Tomas is being splendid. </p>
                <p>The Old Gardener continues to work marvellously &amp; bore terribly. </p>
                <p>Juan went to help with the Dig: they got a lot more beads, bronze things and a Giant's
          skull. </p>
                <p>The Reevesis are sweet but a dead weight on us - expect to have their noses wiped and
          their mouths filled and apart from Stella show no manners or mercy. Beryl is overworked. </p>
                <p>Guardiola the Rejoneador was killed in Palma Bull Ring two days ago - horse fell on him
          and crushed his lungs. The week before Camino had a horn though his belly and out through
          his rectum. What fun for the tourists!</p>
                <p>I have lost a stone and more of weight which delights me; only I wish I hadn't discarded
          so many of my 1938 clothes which fit me again. We made blackberry jam &amp; are now making
          cherry-crab jelly. Have just been asked to do 6 200-word advertisements at 100 guineas
          each for De Resha Pipe Tobacco. What a pity I have a conscience and can't accept: I like
          money. </p>
                <closer>
                    <salute>Love, Father </salute>
                </closer>
            </div>
            <div>
                <p> $NOTES In answer to William’s letter in which he tells him about how the pigs got into
          his tent in the Alps, ate the vegetables and generally caused havoc </p>
            </div>
        </body>
    </text>
</TEI>