<?xml version="1.0" encoding="UTF-8"?>
<licence xmlns="http://www.tei-c.org/ns/1.0" target="http://creativecommons.org/licenses/by-nc-sa/4.0/" notBefore="2015-07-11">
    <p>The original copyrighted material belongs to The Robert Graves Copyright
            Trust and is reproduced here with permission.</p>
    <p>This work is licensed under a Creative Commons
            Attribution-NonCommercial-ShareAlike 4.0 International License.</p>
    <p> You are free to: <list>
            <item> Share — copy and redistribute the material in any medium or
                format</item>
            <item> Adapt — remix, transform, and build upon the material</item>
        </list>
    </p>
    <p> Under the following terms: <list>
            <item> Attribution — You must give appropriate credit, provide a
                link to the license, and indicate if changes were made. You may
                do so in any reasonable manner, but not in any way that suggests
                the licensor endorses you or your use.</item>
            <item> NonCommercial — You may not use the material for commercial
                purposes.</item>
            <item> ShareAlike — If you remix, transform, or build upon the
                material, you must distribute your contributions under the same
                license as the original.</item>
            <item> No additional restrictions — You may not apply legal terms or
                technological measures that legally restrict others from doing
                anything the license permits.</item>
        </list>
    </p>
    <p>The licence was added on July 11, 2015.</p>
</licence>